id_maquina,antiguedad_anios,uso_semanal_h,temperatura_op_c,material,planta,turno,lote,proveedor,requiere_inspeccion
MQ-0460,5.7,60.2,70.5,aluminio,Rivera,mañana,L-1,PR-12,1
MQ-0458,1.2,55.1,63.1,polímero,Salto,tarde,L-1,PR-06,1
MQ-1023,6.2,70.4,71.3,acero,Salto,mañana,L-3,PR-07,0
MQ-0142,11.3,49.9,47.7,acero,Rivera,mañana,L-6,PR-06,1
MQ-0669,6.2,47.3,63.8,polímero,Salto,noche,L-3,PR-11,0
MQ-1012,7.5,36.7,56.7,aluminio,Paysandú,tarde,L-4,PR-05,0
MQ-0152,6.3,23.0,58.1,aluminio,Salto,mañana,L-4,PR-04,0
MQ-0831,16.9,24.7,50.4,acero,Rivera,tarde,L-2,PR-08,0
MQ-0751,4.2,59.9,63.7,aluminio,Rivera,tarde,L-4,PR-05,1
MQ-0047,5.7,62.7,64.9,acero,Canelones,noche,L-2,PR-08,0
MQ-1133,4.0,52.2,59.9,aluminio,Paysandú,tarde,L-4,PR-08,1
MQ-0129,4.8,55.7,52.4,acero,Canelones,mañana,L-1,PR-04,0
MQ-0035,8.3,42.6,48.9,acero,Canelones,mañana,L-5,PR-11,1
MQ-0281,6.4,47.1,72.3,acero,Salto,mañana,L-4,PR-10,0
MQ-0595,13.2,59.5,55.9,aluminio,Canelones,tarde,L-4,PR-11,1
MQ-0722,0.9,15.5,54.1,aluminio,Rivera,mañana,L-3,PR-02,0
MQ-1129,6.1,38.8,45.7,polímero,Canelones,noche,L-3,PR-06,0
MQ-0400,14.3,43.5,43.1,polímero,Paysandú,tarde,L-2,PR-04,0
MQ-0695,13.5,43.3,52.3,aluminio,Montevideo,tarde,L-3,PR-03,1
MQ-0110,4.8,52.8,71.7,acero,Paysandú,tarde,L-2,PR-12,0
MQ-0670,5.2,69.0,72.1,aluminio,Canelones,noche,L-5,PR-06,0
MQ-0888,6.3,54.3,63.7,aluminio,Rivera,noche,L-5,PR-06,1
MQ-0475,18.0,37.1,51.8,acero,Paysandú,mañana,L-5,PR-10,1
MQ-1164,7.9,45.5,46.6,acero,Salto,noche,L-4,PR-08,0
MQ-0545,3.4,58.4,51.6,polímero,Canelones,noche,L-4,PR-07,1
MQ-0052,1.8,40.2,52.8,acero,Salto,tarde,L-1,PR-07,0
MQ-1188,3.5,36.0,47.7,aluminio,Montevideo,mañana,L-6,PR-03,1
MQ-1125,6.5,53.7,57.0,aluminio,Rivera,noche,L-5,PR-12,1
MQ-0842,4.3,29.5,40.4,acero,Montevideo,noche,L-3,PR-06,0
MQ-0187,12.4,61.8,57.6,acero,Montevideo,noche,L-6,PR-08,1
MQ-0319,4.5,33.3,66.3,acero,Canelones,noche,L-2,PR-11,0
MQ-0141,10.5,68.0,66.6,acero,Canelones,mañana,L-5,PR-05,1
MQ-0944,9.9,19.1,47.3,aluminio,Rivera,mañana,L-4,PR-10,0
MQ-0970,10.9,74.1,69.0,aluminio,Montevideo,noche,L-2,PR-02,1
MQ-0064,0.8,45.3,45.2,polímero,Rivera,noche,L-4,PR-04,0
MQ-1167,5.4,33.6,49.7,acero,Salto,mañana,L-1,PR-07,1
MQ-0757,6.4,50.0,67.9,polímero,Montevideo,mañana,L-6,PR-05,1
MQ-0811,10.6,17.5,54.6,acero,Montevideo,mañana,L-4,PR-08,0
MQ-0099,7.6,43.6,41.5,polímero,Montevideo,tarde,L-3,PR-07,0
MQ-0190,8.6,60.8,62.4,polímero,Salto,noche,L-5,PR-09,0
MQ-0621,6.2,44.4,64.6,acero,Canelones,mañana,L-4,PR-02,0
MQ-0221,6.5,18.4,61.8,aluminio,Canelones,mañana,L-4,PR-09,0
MQ-0976,12.5,49.5,54.6,polímero,Paysandú,noche,L-5,PR-02,1
MQ-0408,5.6,57.8,64.5,aluminio,Canelones,tarde,L-5,PR-04,1
MQ-1068,4.2,46.8,68.7,acero,Canelones,noche,L-3,PR-04,0
MQ-1175,7.7,34.8,81.5,aluminio,Montevideo,mañana,L-3,PR-12,0
MQ-0335,14.8,44.3,54.5,acero,Rivera,mañana,L-5,PR-04,1
MQ-0532,9.8,62.1,62.6,acero,Paysandú,noche,L-1,PR-07,1
MQ-0682,2.9,54.0,65.6,acero,Rivera,tarde,L-2,PR-10,0
MQ-0340,18.0,22.1,44.2,acero,Montevideo,mañana,L-6,PR-12,0
MQ-0558,10.9,25.0,63.1,aluminio,Montevideo,mañana,L-2,PR-09,0
MQ-0654,7.9,31.3,63.5,polímero,Montevideo,tarde,L-2,PR-11,0
MQ-0114,5.2,49.0,64.7,aluminio,Rivera,tarde,L-1,PR-12,1
MQ-0375,0.6,50.2,62.0,polímero,Canelones,mañana,L-6,PR-02,1
MQ-0217,18.0,67.5,47.2,acero,Salto,tarde,L-3,PR-09,1
MQ-0813,11.3,42.0,56.5,acero,Rivera,tarde,L-5,PR-05,0
MQ-0368,0.7,44.5,64.0,acero,Canelones,mañana,L-5,PR-01,0
MQ-1106,2.0,42.6,71.1,aluminio,Paysandú,tarde,L-3,PR-05,0
MQ-1086,3.6,28.7,60.2,acero,Canelones,mañana,L-2,PR-11,0
MQ-0998,1.0,46.5,52.2,acero,Rivera,noche,L-3,PR-02,0
MQ-0084,10.8,49.3,55.2,acero,Canelones,mañana,L-5,PR-02,1
MQ-0010,2.6,51.9,58.2,acero,Montevideo,tarde,L-3,PR-01,0
MQ-1096,5.9,31.9,41.4,aluminio,Rivera,tarde,L-3,PR-02,1
MQ-0054,3.3,52.2,55.0,aluminio,Montevideo,mañana,L-1,PR-06,1
MQ-0926,5.2,44.7,54.9,polímero,Canelones,tarde,L-6,PR-09,0
MQ-0337,4.4,22.7,61.6,aluminio,Montevideo,mañana,L-2,PR-02,0
MQ-0253,7.0,38.9,43.6,aluminio,Paysandú,tarde,L-3,PR-01,0
MQ-1017,1.2,58.5,49.9,polímero,Canelones,tarde,L-5,PR-10,1
MQ-0566,5.5,40.5,82.5,polímero,Montevideo,noche,L-3,PR-05,0
MQ-0786,8.4,38.3,59.9,aluminio,Montevideo,tarde,L-2,PR-08,1
MQ-0263,2.9,47.9,60.4,aluminio,Canelones,tarde,L-6,PR-05,0
MQ-0782,7.7,63.5,57.7,acero,Salto,mañana,L-4,PR-08,0
MQ-0834,13.0,61.1,58.9,polímero,Canelones,tarde,L-2,PR-01,1
MQ-0832,6.1,51.1,66.0,aluminio,Rivera,noche,L-4,PR-09,1
MQ-0643,1.8,46.7,53.5,polímero,Montevideo,mañana,L-6,PR-05,0
MQ-0879,8.5,32.8,56.4,polímero,Rivera,tarde,L-2,PR-10,1
MQ-0173,6.4,45.2,60.2,aluminio,Paysandú,tarde,L-5,PR-06,0
MQ-0279,6.0,14.2,59.0,acero,Canelones,mañana,L-2,PR-01,0
MQ-1091,7.0,36.4,51.9,aluminio,Canelones,tarde,L-5,PR-02,0
MQ-0552,12.7,33.0,61.4,aluminio,Rivera,mañana,L-6,PR-03,1
MQ-0206,10.5,35.8,47.3,acero,Salto,noche,L-3,PR-08,1
MQ-1021,10.8,50.8,60.0,aluminio,Montevideo,tarde,L-3,PR-02,1
MQ-0531,16.4,35.7,56.5,acero,Salto,noche,L-5,PR-11,1
MQ-0611,4.6,49.9,65.1,acero,Salto,mañana,L-5,PR-11,0
MQ-0055,7.6,44.5,63.1,acero,Paysandú,tarde,L-4,PR-01,0
MQ-0780,10.2,32.5,64.4,aluminio,Paysandú,noche,L-3,PR-06,1
MQ-0362,7.6,55.3,44.3,polímero,Canelones,noche,L-4,PR-03,1
MQ-0624,11.5,29.4,52.6,polímero,Rivera,tarde,L-3,PR-11,0
MQ-0858,1.4,50.9,54.3,acero,Salto,tarde,L-2,PR-10,0
MQ-1089,14.0,57.2,52.0,acero,Salto,tarde,L-1,PR-10,1
MQ-1013,1.8,37.1,54.1,acero,Montevideo,tarde,L-6,PR-01,0
MQ-0147,5.2,51.9,60.6,acero,Paysandú,mañana,L-4,PR-01,0
MQ-0921,6.7,27.6,45.9,acero,Paysandú,tarde,L-5,PR-11,0
MQ-0171,8.0,33.3,57.8,polímero,Montevideo,tarde,L-6,PR-07,0
MQ-0041,12.6,28.3,52.0,acero,Montevideo,tarde,L-4,PR-06,0
MQ-0535,7.8,47.4,66.4,polímero,Canelones,noche,L-6,PR-07,0
MQ-0501,4.9,47.5,57.5,aluminio,Rivera,tarde,L-3,PR-09,0
MQ-0419,7.9,38.1,65.9,polímero,Canelones,mañana,L-4,PR-10,0
MQ-0232,18.0,49.8,62.3,polímero,Canelones,tarde,L-3,PR-04,1
MQ-0102,8.6,59.6,51.9,polímero,Rivera,tarde,L-6,PR-12,1
MQ-0490,6.7,18.7,58.7,acero,Rivera,mañana,L-6,PR-05,0
MQ-0427,11.1,55.5,59.7,acero,Montevideo,tarde,L-5,PR-11,1
MQ-0327,5.7,36.2,50.2,polímero,Salto,noche,L-2,PR-06,0
MQ-0474,2.7,53.3,67.9,acero,Paysandú,mañana,L-4,PR-08,0
MQ-0791,8.8,19.2,49.6,polímero,Rivera,mañana,L-2,PR-02,0
MQ-0098,13.2,17.7,48.2,aluminio,Rivera,tarde,L-6,PR-09,0
MQ-0628,4.3,29.5,40.4,aluminio,Rivera,tarde,L-4,PR-05,0
MQ-0570,7.0,77.4,63.1,acero,Montevideo,tarde,L-4,PR-09,0
MQ-0949,2.4,47.4,64.3,acero,Salto,tarde,L-3,PR-06,0
MQ-0749,9.0,35.3,49.0,aluminio,Rivera,mañana,L-5,PR-02,1
MQ-1039,10.7,37.4,65.9,acero,Montevideo,noche,L-4,PR-08,1
MQ-0901,2.0,16.8,50.0,acero,Salto,tarde,L-3,PR-07,0
MQ-1082,4.7,42.3,65.1,acero,Canelones,noche,L-4,PR-05,1
MQ-0598,4.8,19.0,54.5,polímero,Paysandú,mañana,L-5,PR-01,0
MQ-0557,6.6,64.2,63.3,acero,Rivera,noche,L-5,PR-09,0
MQ-0698,18.0,30.4,51.7,acero,Rivera,tarde,L-3,PR-04,0
MQ-0755,5.2,47.2,64.8,polímero,Salto,mañana,L-1,PR-04,1
MQ-0541,10.1,65.7,65.6,acero,Montevideo,tarde,L-6,PR-11,1
MQ-0887,13.9,53.0,56.7,polímero,Montevideo,tarde,L-1,PR-10,1
MQ-0987,4.5,45.7,57.7,aluminio,Rivera,mañana,L-6,PR-08,0
MQ-0971,1.5,32.5,51.7,acero,Rivera,tarde,L-5,PR-11,0
MQ-0951,3.1,38.2,49.5,acero,Paysandú,tarde,L-6,PR-11,0
MQ-0180,6.7,30.3,41.5,aluminio,Montevideo,tarde,L-2,PR-07,0
MQ-1070,7.8,32.0,44.3,aluminio,Paysandú,tarde,L-6,PR-09,0
MQ-1117,14.6,40.7,60.1,acero,Montevideo,tarde,L-6,PR-12,1
MQ-0668,4.5,56.9,54.0,aluminio,Canelones,mañana,L-6,PR-05,1
MQ-0499,2.6,31.3,67.6,acero,Salto,noche,L-3,PR-04,0
MQ-0859,6.3,46.0,64.8,acero,Canelones,noche,L-3,PR-02,0
MQ-0665,6.5,38.9,65.9,polímero,Canelones,noche,L-6,PR-10,0
MQ-1174,4.7,28.0,64.0,acero,Canelones,noche,L-6,PR-01,0
MQ-0512,3.0,43.1,62.8,acero,Rivera,noche,L-5,PR-09,0
MQ-0018,6.9,38.0,68.0,polímero,Montevideo,mañana,L-2,PR-02,0
MQ-0604,3.3,51.3,60.8,polímero,Canelones,mañana,L-2,PR-02,1
MQ-0254,2.8,48.0,44.7,acero,Paysandú,mañana,L-4,PR-03,0
MQ-0416,5.3,33.9,52.4,acero,Rivera,tarde,L-6,PR-02,0
MQ-0740,10.7,61.1,67.2,acero,Montevideo,mañana,L-4,PR-01,1
MQ-0510,2.6,41.3,62.8,aluminio,Rivera,mañana,L-4,PR-11,1
MQ-0508,6.7,26.3,50.6,polímero,Montevideo,tarde,L-2,PR-12,0
MQ-0688,3.9,38.2,62.4,acero,Rivera,mañana,L-6,PR-04,0
MQ-0286,2.7,66.1,72.0,aluminio,Canelones,mañana,L-5,PR-09,1
MQ-0356,9.8,40.3,52.3,aluminio,Salto,noche,L-4,PR-02,1
MQ-0793,5.1,41.8,47.5,acero,Salto,mañana,L-2,PR-01,0
MQ-0452,2.4,51.2,53.8,acero,Montevideo,tarde,L-1,PR-09,0
MQ-0587,9.1,61.7,64.6,acero,Canelones,noche,L-6,PR-11,1
MQ-0709,4.9,46.4,50.4,acero,Salto,tarde,L-6,PR-09,0
MQ-0326,4.4,51.4,64.4,polímero,Rivera,noche,L-6,PR-06,1
MQ-0109,5.7,62.3,68.5,aluminio,Rivera,tarde,L-2,PR-09,1
MQ-1018,7.0,30.9,70.2,aluminio,Montevideo,tarde,L-4,PR-08,0
MQ-1053,3.3,45.5,57.4,acero,Canelones,mañana,L-6,PR-12,1
MQ-0956,9.3,24.2,52.3,aluminio,Montevideo,mañana,L-3,PR-09,0
MQ-0100,5.9,40.5,53.3,aluminio,Canelones,mañana,L-1,PR-10,0
MQ-1183,16.8,72.3,56.2,aluminio,Montevideo,noche,L-6,PR-11,1
MQ-0205,11.5,43.7,46.4,aluminio,Salto,mañana,L-4,PR-12,1
MQ-0680,8.0,28.4,53.7,aluminio,Salto,tarde,L-4,PR-06,0
MQ-1055,1.2,51.1,39.6,aluminio,Rivera,tarde,L-4,PR-01,1
MQ-0852,15.8,52.1,77.3,acero,Salto,noche,L-1,PR-02,1
MQ-0734,2.8,19.7,56.0,acero,Montevideo,noche,L-5,PR-06,0
MQ-1200,7.5,47.2,55.4,polímero,Rivera,noche,L-2,PR-10,0
MQ-1051,8.6,20.9,49.4,aluminio,Rivera,tarde,L-5,PR-08,0
MQ-0856,6.3,58.3,74.5,aluminio,Paysandú,tarde,L-6,PR-05,1
MQ-0965,9.2,29.0,48.5,aluminio,Paysandú,tarde,L-4,PR-08,1
MQ-1179,7.2,25.5,46.4,acero,Canelones,tarde,L-3,PR-01,0
MQ-0264,1.4,41.0,66.9,polímero,Montevideo,tarde,L-2,PR-01,0
MQ-0964,4.7,35.5,58.9,aluminio,Canelones,tarde,L-1,PR-10,0
MQ-0285,4.0,22.7,56.0,aluminio,Montevideo,noche,L-6,PR-05,0
MQ-0024,4.8,64.6,69.5,acero,Paysandú,tarde,L-1,PR-04,0
MQ-0833,13.0,72.8,52.0,polímero,Paysandú,tarde,L-1,PR-04,1
MQ-0229,13.8,49.0,42.3,acero,Montevideo,mañana,L-6,PR-04,1
MQ-0666,6.3,54.7,63.5,aluminio,Paysandú,tarde,L-1,PR-12,1
MQ-0938,13.7,46.6,56.8,polímero,Salto,tarde,L-1,PR-07,1
MQ-0870,1.0,38.7,56.6,acero,Canelones,mañana,L-6,PR-03,0
MQ-0265,3.9,60.2,55.5,polímero,Paysandú,mañana,L-6,PR-02,1
MQ-0124,6.0,58.2,66.7,acero,Salto,tarde,L-1,PR-09,0
MQ-1119,1.3,17.1,42.8,aluminio,Canelones,mañana,L-6,PR-10,0
MQ-1084,3.7,54.4,53.7,acero,Montevideo,mañana,L-2,PR-10,0
MQ-1071,10.1,47.8,48.7,polímero,Rivera,noche,L-1,PR-09,1
MQ-0650,7.1,62.4,71.5,acero,Salto,noche,L-5,PR-02,0
MQ-0271,5.4,41.8,50.7,polímero,Salto,mañana,L-4,PR-04,0
MQ-0507,2.8,37.9,50.4,aluminio,Paysandú,tarde,L-4,PR-10,0
MQ-0721,6.4,56.8,59.3,acero,Salto,noche,L-3,PR-06,0
MQ-0453,10.7,13.3,52.5,acero,Salto,mañana,L-3,PR-10,1
MQ-0801,9.5,78.2,62.6,aluminio,Montevideo,mañana,L-4,PR-05,1
MQ-0071,9.1,59.3,59.9,aluminio,Salto,noche,L-4,PR-07,1
MQ-0526,1.7,49.5,61.7,acero,Canelones,tarde,L-1,PR-03,1
MQ-0397,9.9,49.5,57.5,acero,Salto,noche,L-2,PR-03,1
MQ-0172,8.6,72.3,54.0,aluminio,Montevideo,noche,L-2,PR-03,1
MQ-1199,14.8,33.6,68.1,aluminio,Paysandú,tarde,L-1,PR-10,1
MQ-0169,15.4,47.5,47.9,aluminio,Salto,tarde,L-6,PR-02,1
MQ-0549,1.9,71.2,72.1,aluminio,Paysandú,mañana,L-3,PR-09,1
MQ-0306,5.0,50.9,63.5,acero,Canelones,noche,L-2,PR-05,0
MQ-0632,4.2,21.5,38.9,acero,Canelones,mañana,L-5,PR-11,0
MQ-0126,16.5,47.4,60.0,polímero,Canelones,tarde,L-1,PR-06,1
MQ-0846,4.2,38.4,63.9,polímero,Salto,mañana,L-6,PR-11,0
MQ-0284,11.6,61.9,61.0,polímero,Montevideo,noche,L-3,PR-09,1
MQ-0165,2.9,56.6,62.7,acero,Montevideo,mañana,L-5,PR-01,0
MQ-0767,14.6,52.2,68.9,acero,Paysandú,noche,L-2,PR-04,1
MQ-0493,7.6,52.2,55.9,acero,Montevideo,tarde,L-6,PR-11,0
MQ-0808,7.1,29.4,47.0,aluminio,Canelones,tarde,L-2,PR-10,0
MQ-0043,8.3,47.0,44.2,aluminio,Paysandú,noche,L-2,PR-12,1
MQ-0752,9.5,42.4,63.4,aluminio,Montevideo,tarde,L-4,PR-01,1
MQ-0880,5.0,37.5,57.8,aluminio,Montevideo,mañana,L-1,PR-03,0
MQ-0410,5.4,32.0,57.1,polímero,Rivera,mañana,L-6,PR-03,0
MQ-0133,2.9,37.6,43.8,aluminio,Montevideo,noche,L-1,PR-12,0
MQ-1139,3.4,59.6,77.4,polímero,Canelones,tarde,L-5,PR-02,1
MQ-0509,6.0,39.3,60.9,acero,Montevideo,mañana,L-5,PR-12,0
MQ-0039,14.9,33.8,61.5,aluminio,Canelones,noche,L-2,PR-06,1
MQ-1057,1.6,8.0,68.4,aluminio,Montevideo,mañana,L-2,PR-07,0
MQ-0564,8.2,27.6,65.8,acero,Canelones,noche,L-3,PR-04,0
MQ-0572,5.6,32.7,51.1,polímero,Paysandú,tarde,L-1,PR-06,0
MQ-0935,3.3,66.6,68.2,acero,Montevideo,tarde,L-6,PR-07,0
MQ-0891,7.0,36.6,48.6,acero,Canelones,tarde,L-6,PR-10,0
MQ-0878,1.1,36.1,62.2,acero,Salto,mañana,L-3,PR-09,0
MQ-0871,5.8,41.2,40.4,aluminio,Paysandú,noche,L-1,PR-05,0
MQ-0014,8.3,45.1,49.7,polímero,Canelones,tarde,L-1,PR-07,1
MQ-0167,11.7,47.1,62.8,aluminio,Salto,mañana,L-4,PR-01,0
MQ-0519,7.3,37.9,52.8,polímero,Paysandú,noche,L-1,PR-04,0
MQ-0225,18.0,44.2,66.4,polímero,Canelones,tarde,L-4,PR-05,1
MQ-0307,5.7,43.8,64.1,polímero,Montevideo,tarde,L-2,PR-08,0
MQ-0876,18.0,41.2,58.8,polímero,Montevideo,noche,L-2,PR-12,1
MQ-0352,16.3,60.5,62.7,aluminio,Paysandú,mañana,L-5,PR-10,0
MQ-0373,8.3,47.0,63.6,acero,Montevideo,tarde,L-4,PR-02,1
MQ-1020,7.5,51.6,60.3,acero,Rivera,mañana,L-3,PR-03,0
MQ-0021,12.2,42.2,59.5,acero,Canelones,tarde,L-4,PR-02,1
MQ-1161,11.4,24.6,57.4,aluminio,Canelones,mañana,L-4,PR-02,0
MQ-0072,9.6,22.0,56.5,polímero,Rivera,mañana,L-5,PR-11,0
MQ-0559,8.1,61.7,66.2,aluminio,Salto,noche,L-2,PR-12,0
MQ-0364,3.2,48.2,56.3,acero,Rivera,noche,L-2,PR-07,1
MQ-0061,13.0,44.4,63.3,acero,Canelones,tarde,L-4,PR-02,1
MQ-0351,8.3,49.6,67.5,acero,Montevideo,mañana,L-6,PR-11,1
MQ-0111,3.1,73.2,76.2,acero,Salto,tarde,L-1,PR-10,0
MQ-0005,1.9,49.2,65.7,polímero,Paysandú,noche,L-3,PR-07,1
MQ-0309,4.3,39.8,79.3,aluminio,Montevideo,mañana,L-5,PR-02,0
MQ-0610,10.1,53.4,71.9,acero,Canelones,tarde,L-4,PR-03,1
MQ-0837,4.2,43.7,50.2,acero,Rivera,noche,L-5,PR-09,0
MQ-0345,5.1,58.0,63.6,polímero,Montevideo,tarde,L-2,PR-12,1
MQ-1121,7.9,45.1,46.0,acero,Montevideo,noche,L-2,PR-11,1
MQ-0290,3.4,60.2,51.0,aluminio,Montevideo,tarde,L-1,PR-05,1
MQ-0479,7.9,51.1,45.4,aluminio,Canelones,noche,L-2,PR-09,1
MQ-0386,1.8,38.4,71.2,aluminio,Canelones,mañana,L-3,PR-02,0
MQ-0774,5.3,44.2,64.5,acero,Canelones,tarde,L-5,PR-01,0
MQ-1059,13.2,47.7,52.9,acero,Montevideo,mañana,L-1,PR-08,1
MQ-1034,18.0,64.9,65.4,acero,Salto,mañana,L-6,PR-01,1
MQ-0892,11.7,39.5,49.9,acero,Salto,mañana,L-6,PR-03,1
MQ-0095,3.7,33.7,60.6,aluminio,Canelones,tarde,L-6,PR-04,0
MQ-0096,5.8,52.2,48.4,acero,Rivera,noche,L-6,PR-07,0
MQ-0954,18.0,52.6,59.6,acero,Salto,tarde,L-6,PR-07,1
MQ-1134,12.8,34.3,68.3,polímero,Montevideo,noche,L-4,PR-05,1
MQ-0667,6.8,29.5,43.0,acero,Canelones,noche,L-5,PR-06,0
MQ-0732,11.0,36.7,55.7,polímero,Salto,noche,L-6,PR-07,1
MQ-0893,8.3,48.7,72.1,acero,Canelones,mañana,L-1,PR-12,1
MQ-0485,11.9,32.6,57.0,aluminio,Montevideo,mañana,L-6,PR-09,1
MQ-1154,5.9,60.7,54.8,aluminio,Montevideo,mañana,L-3,PR-06,1
MQ-0059,2.2,41.2,66.6,acero,Montevideo,noche,L-3,PR-03,0
MQ-0208,1.6,56.4,59.5,acero,Rivera,tarde,L-3,PR-06,0
MQ-0409,8.3,69.4,60.4,aluminio,Montevideo,noche,L-5,PR-01,1
MQ-0380,4.7,51.6,65.8,acero,Montevideo,tarde,L-4,PR-02,0
MQ-0413,1.9,36.9,56.7,acero,Montevideo,mañana,L-1,PR-07,0
MQ-0025,12.5,58.7,62.3,acero,Montevideo,mañana,L-3,PR-09,1
MQ-1010,11.4,63.0,59.9,acero,Canelones,mañana,L-6,PR-01,0
MQ-0245,8.5,43.6,69.0,polímero,Canelones,tarde,L-2,PR-04,1
MQ-0026,3.5,28.2,58.4,acero,Rivera,noche,L-2,PR-05,0
MQ-0223,0.9,64.5,55.4,acero,Rivera,mañana,L-1,PR-12,0
MQ-0884,2.2,39.2,55.5,polímero,Paysandú,mañana,L-2,PR-04,0
MQ-1006,7.4,50.1,53.6,aluminio,Paysandú,noche,L-1,PR-04,1
MQ-1067,7.3,41.3,57.3,aluminio,Canelones,noche,L-5,PR-04,0
MQ-0131,8.4,18.0,47.7,aluminio,Montevideo,mañana,L-1,PR-11,0
MQ-0154,18.0,28.7,63.2,aluminio,Montevideo,mañana,L-4,PR-03,0
MQ-1024,12.0,32.5,54.0,polímero,Montevideo,tarde,L-2,PR-11,1
MQ-0930,6.5,66.7,51.5,acero,Paysandú,noche,L-2,PR-01,0
MQ-0494,2.0,8.2,51.3,polímero,Montevideo,mañana,L-1,PR-07,0
MQ-1050,3.9,26.4,57.8,aluminio,Canelones,mañana,L-3,PR-08,0
MQ-0076,3.0,49.4,71.3,aluminio,Paysandú,mañana,L-1,PR-10,1
MQ-0902,3.4,61.6,43.5,aluminio,Paysandú,tarde,L-3,PR-04,1
MQ-1052,4.5,28.6,65.4,aluminio,Montevideo,mañana,L-5,PR-01,0
MQ-0317,2.9,46.5,69.7,aluminio,Paysandú,mañana,L-2,PR-03,0
MQ-0963,6.5,40.2,53.8,acero,Paysandú,tarde,L-6,PR-04,0
MQ-0942,5.0,24.9,49.0,acero,Montevideo,noche,L-5,PR-09,1
MQ-0634,8.0,41.9,62.9,acero,Montevideo,tarde,L-5,PR-11,0
MQ-0200,5.5,48.5,48.8,acero,Canelones,tarde,L-4,PR-04,0
MQ-1015,15.8,54.0,67.7,polímero,Montevideo,mañana,L-1,PR-02,1
MQ-0135,4.5,57.6,67.4,acero,Paysandú,tarde,L-4,PR-03,0
MQ-0627,12.7,68.4,62.2,acero,Salto,mañana,L-1,PR-01,1
MQ-0260,4.1,40.0,71.7,aluminio,Canelones,tarde,L-4,PR-11,0
MQ-0591,13.1,57.9,67.7,polímero,Canelones,tarde,L-2,PR-07,1
MQ-0004,1.0,39.4,64.5,aluminio,Montevideo,mañana,L-1,PR-06,0
MQ-0960,4.9,35.0,49.1,aluminio,Montevideo,tarde,L-3,PR-04,0
MQ-0504,5.5,40.1,53.5,acero,Rivera,noche,L-1,PR-02,0
MQ-0197,18.0,47.5,61.1,acero,Montevideo,tarde,L-2,PR-06,1
MQ-0657,10.7,46.6,72.4,aluminio,Salto,tarde,L-4,PR-05,1
MQ-0569,3.7,73.6,55.8,aluminio,Salto,noche,L-2,PR-03,1
MQ-0027,8.7,77.6,62.2,acero,Montevideo,tarde,L-6,PR-12,1
MQ-1104,3.3,48.5,53.8,polímero,Montevideo,noche,L-6,PR-12,0
MQ-0456,9.2,36.4,61.5,polímero,Paysandú,mañana,L-5,PR-03,0
MQ-1111,4.0,58.7,59.2,acero,Rivera,mañana,L-2,PR-10,0
MQ-0619,3.5,48.8,58.1,aluminio,Salto,mañana,L-5,PR-07,1
MQ-0062,15.1,58.6,64.6,aluminio,Salto,mañana,L-4,PR-10,1
MQ-1130,6.5,65.5,55.5,aluminio,Canelones,mañana,L-5,PR-05,1
MQ-0994,12.7,20.4,53.8,aluminio,Rivera,noche,L-3,PR-05,0
MQ-0658,15.3,47.4,48.8,acero,Canelones,tarde,L-4,PR-12,1
MQ-0725,0.8,48.0,57.4,acero,Canelones,mañana,L-3,PR-07,1
MQ-0745,18.0,71.2,63.5,aluminio,Rivera,mañana,L-2,PR-11,1
MQ-0686,8.7,59.8,48.1,aluminio,Montevideo,noche,L-6,PR-08,1
MQ-0378,6.5,48.9,57.1,acero,Montevideo,mañana,L-3,PR-12,0
MQ-1014,5.4,33.7,41.5,acero,Paysandú,tarde,L-1,PR-07,0
MQ-0432,1.5,50.5,66.0,aluminio,Paysandú,noche,L-6,PR-08,1
MQ-0849,8.1,65.2,61.7,polímero,Montevideo,tarde,L-3,PR-09,1
MQ-0009,7.9,33.8,43.7,polímero,Montevideo,tarde,L-3,PR-09,0
MQ-0489,1.3,32.6,65.9,aluminio,Salto,noche,L-4,PR-03,0
MQ-0586,6.6,59.1,83.9,acero,Rivera,mañana,L-4,PR-02,0
MQ-1025,5.4,28.1,56.3,polímero,Montevideo,tarde,L-5,PR-02,0
MQ-1146,6.3,55.5,78.0,acero,Rivera,mañana,L-6,PR-08,0
MQ-0741,2.7,56.8,71.0,acero,Rivera,tarde,L-1,PR-08,0
MQ-0789,9.5,43.5,72.9,acero,Paysandú,mañana,L-3,PR-02,1
MQ-0446,9.2,50.5,58.4,polímero,Paysandú,tarde,L-4,PR-11,1
MQ-0075,10.5,44.0,65.3,aluminio,Montevideo,tarde,L-4,PR-10,1
MQ-0542,8.7,25.2,62.5,acero,Canelones,mañana,L-6,PR-06,0
MQ-0058,12.1,50.5,61.3,polímero,Montevideo,tarde,L-1,PR-07,1
MQ-1114,11.5,37.2,74.3,aluminio,Paysandú,mañana,L-6,PR-05,1
MQ-0735,10.6,37.1,49.9,aluminio,Salto,tarde,L-3,PR-12,1
MQ-0298,5.3,44.0,68.0,aluminio,Canelones,mañana,L-1,PR-11,0
MQ-0844,6.6,47.0,50.7,acero,Montevideo,noche,L-4,PR-05,0
MQ-0218,9.4,50.6,70.9,acero,Salto,tarde,L-5,PR-03,1
MQ-0704,3.7,32.1,67.2,acero,Salto,tarde,L-6,PR-07,0
MQ-0645,7.1,24.1,59.2,acero,Canelones,tarde,L-2,PR-02,0
MQ-0421,7.1,41.4,53.4,polímero,Canelones,mañana,L-1,PR-09,1
MQ-0359,17.5,37.3,68.0,polímero,Rivera,tarde,L-2,PR-05,1
MQ-1185,5.4,38.1,66.8,aluminio,Canelones,tarde,L-2,PR-10,0
MQ-1194,7.3,72.0,79.1,acero,Paysandú,noche,L-1,PR-09,0
MQ-0523,6.2,47.0,54.4,aluminio,Rivera,mañana,L-3,PR-02,0
MQ-0678,1.2,46.5,56.0,acero,Salto,tarde,L-4,PR-08,0
MQ-0820,3.3,39.3,52.2,polímero,Montevideo,mañana,L-3,PR-05,0
MQ-1061,8.8,44.6,54.1,acero,Canelones,tarde,L-1,PR-07,1
MQ-0267,13.7,39.6,46.3,acero,Salto,tarde,L-6,PR-05,1
MQ-0007,10.9,52.2,64.4,acero,Paysandú,tarde,L-4,PR-06,1
MQ-0518,1.5,31.2,50.9,acero,Salto,tarde,L-3,PR-11,0
MQ-0794,8.2,45.2,66.5,acero,Rivera,mañana,L-3,PR-08,0
MQ-0753,12.1,80.0,75.5,acero,Paysandú,mañana,L-2,PR-03,1
MQ-0139,7.9,41.3,53.9,acero,Canelones,tarde,L-6,PR-10,0
MQ-0164,3.0,55.8,55.6,polímero,Canelones,tarde,L-5,PR-01,1
MQ-0707,12.9,37.1,52.4,aluminio,Paysandú,tarde,L-6,PR-09,1
MQ-0527,6.1,35.4,69.0,aluminio,Canelones,mañana,L-4,PR-12,0
MQ-1054,5.2,38.1,59.9,polímero,Canelones,noche,L-1,PR-06,0
MQ-0044,5.3,42.0,82.9,acero,Montevideo,tarde,L-1,PR-11,0
MQ-0739,7.7,34.7,56.3,polímero,Canelones,noche,L-2,PR-08,0
MQ-0726,6.7,52.7,45.2,polímero,Montevideo,noche,L-2,PR-06,1
MQ-0320,15.8,53.0,78.5,aluminio,Paysandú,noche,L-1,PR-12,1
MQ-0770,7.3,38.2,62.7,polímero,Canelones,noche,L-5,PR-12,0
MQ-1163,6.7,30.8,58.2,polímero,Rivera,tarde,L-5,PR-04,0
MQ-0719,2.1,62.4,65.8,aluminio,Montevideo,tarde,L-2,PR-02,1
MQ-0295,2.9,57.2,67.9,acero,Montevideo,noche,L-1,PR-03,0
MQ-1136,10.8,49.7,51.3,aluminio,Montevideo,noche,L-2,PR-02,1
MQ-1004,12.9,63.6,65.8,acero,Rivera,mañana,L-6,PR-07,1
MQ-1038,10.2,46.7,67.1,acero,Montevideo,mañana,L-1,PR-03,1
MQ-0455,4.3,43.5,54.5,acero,Salto,tarde,L-1,PR-02,0
MQ-0020,6.2,20.6,56.4,aluminio,Paysandú,tarde,L-4,PR-09,0
MQ-0983,5.9,41.2,57.3,polímero,Paysandú,mañana,L-3,PR-11,0
MQ-0563,18.0,34.6,67.8,polímero,Canelones,mañana,L-6,PR-09,1
MQ-0940,3.1,27.9,59.4,acero,Montevideo,noche,L-5,PR-06,0
MQ-0713,4.3,41.6,55.0,acero,Rivera,tarde,L-6,PR-02,0
MQ-1103,8.7,69.6,67.6,acero,Montevideo,mañana,L-6,PR-08,1
MQ-0511,9.0,61.7,64.1,acero,Salto,tarde,L-5,PR-07,1
MQ-0431,6.9,46.5,64.2,acero,Salto,mañana,L-2,PR-09,0
MQ-0138,8.9,25.7,49.1,acero,Montevideo,noche,L-4,PR-11,0
MQ-0797,1.7,20.7,56.7,acero,Rivera,mañana,L-4,PR-08,1
MQ-0186,6.5,53.5,65.3,acero,Canelones,noche,L-3,PR-06,0
MQ-0928,13.9,46.0,54.5,acero,Rivera,tarde,L-3,PR-09,1
MQ-0398,9.7,52.8,64.6,aluminio,Montevideo,tarde,L-4,PR-05,0
MQ-1138,11.1,55.9,59.8,aluminio,Montevideo,tarde,L-4,PR-10,1
MQ-0390,3.0,47.5,49.7,polímero,Montevideo,mañana,L-4,PR-03,0
MQ-1128,10.0,60.0,61.9,acero,Montevideo,tarde,L-2,PR-09,1
MQ-0663,13.5,34.8,65.2,acero,Montevideo,mañana,L-6,PR-10,1
MQ-0328,14.1,15.7,41.8,acero,Montevideo,mañana,L-3,PR-04,0
MQ-0318,5.0,61.0,52.8,acero,Montevideo,tarde,L-3,PR-04,0
MQ-0805,5.3,38.9,58.6,aluminio,Rivera,tarde,L-1,PR-05,0
MQ-1156,6.9,32.8,71.2,acero,Rivera,mañana,L-2,PR-08,0
MQ-0514,3.3,44.0,56.1,aluminio,Montevideo,tarde,L-3,PR-12,0
MQ-0705,6.7,43.7,60.3,acero,Canelones,mañana,L-3,PR-11,0
MQ-0769,3.0,67.4,51.8,acero,Montevideo,tarde,L-4,PR-03,1
MQ-0433,12.4,29.3,58.3,acero,Salto,noche,L-5,PR-08,1
MQ-0529,18.0,40.2,61.5,acero,Canelones,mañana,L-2,PR-06,1
MQ-0756,14.9,42.4,53.2,polímero,Montevideo,mañana,L-6,PR-09,1
MQ-0149,2.4,44.4,48.9,aluminio,Salto,noche,L-5,PR-07,0
MQ-0448,2.5,50.2,73.6,aluminio,Montevideo,mañana,L-6,PR-01,1
MQ-0923,9.1,39.3,60.7,polímero,Paysandú,mañana,L-4,PR-01,1
MQ-0737,7.3,36.6,34.4,aluminio,Montevideo,mañana,L-6,PR-06,0
MQ-0946,2.6,62.6,70.8,polímero,Canelones,mañana,L-3,PR-11,1
MQ-0366,8.3,39.0,57.6,acero,Paysandú,mañana,L-3,PR-11,1
MQ-0618,12.6,49.5,53.0,aluminio,Montevideo,mañana,L-2,PR-02,1
MQ-0612,5.1,43.0,62.7,acero,Montevideo,mañana,L-4,PR-08,0
MQ-0790,7.0,34.9,64.6,acero,Rivera,noche,L-1,PR-07,1
MQ-1140,13.3,51.8,64.1,aluminio,Montevideo,mañana,L-6,PR-06,1
MQ-1076,5.7,59.3,70.7,aluminio,Canelones,noche,L-3,PR-06,1
MQ-0524,1.8,40.8,54.4,acero,Rivera,mañana,L-6,PR-06,0
MQ-0233,18.0,46.9,61.9,aluminio,Montevideo,tarde,L-4,PR-05,1
MQ-0592,11.7,56.7,55.7,acero,Canelones,tarde,L-1,PR-05,1
MQ-0817,16.2,70.8,55.4,acero,Canelones,tarde,L-3,PR-12,1
MQ-0447,12.5,45.5,53.2,polímero,Rivera,tarde,L-6,PR-11,1
MQ-0159,3.3,63.4,63.9,acero,Rivera,noche,L-2,PR-01,0
MQ-0316,14.6,43.6,79.8,polímero,Montevideo,mañana,L-4,PR-01,1
MQ-0257,4.6,46.8,78.2,aluminio,Paysandú,tarde,L-5,PR-09,0
MQ-1019,5.1,40.0,66.1,acero,Canelones,mañana,L-1,PR-10,0
MQ-0097,2.8,66.2,59.0,acero,Paysandú,noche,L-2,PR-04,0
MQ-1170,7.0,55.1,66.8,polímero,Montevideo,mañana,L-2,PR-05,1
MQ-1035,6.4,42.7,61.6,acero,Montevideo,tarde,L-2,PR-07,0
MQ-0385,9.5,44.2,63.8,aluminio,Salto,mañana,L-6,PR-06,1
MQ-1047,9.7,67.2,66.7,aluminio,Canelones,mañana,L-3,PR-09,1
MQ-0178,6.2,53.3,50.0,acero,Canelones,mañana,L-3,PR-09,0
MQ-0329,3.6,64.1,57.6,aluminio,Rivera,mañana,L-2,PR-01,1
MQ-0315,1.5,56.7,62.1,acero,Montevideo,noche,L-2,PR-05,0
MQ-0358,1.8,42.1,42.5,acero,Rivera,mañana,L-5,PR-04,0
MQ-0348,6.1,52.5,58.8,aluminio,Canelones,tarde,L-3,PR-09,1
MQ-0464,4.9,39.4,55.8,aluminio,Montevideo,noche,L-4,PR-08,0
MQ-0299,6.2,75.8,69.4,aluminio,Salto,tarde,L-6,PR-12,1
MQ-0814,4.6,42.5,55.6,polímero,Rivera,noche,L-6,PR-03,0
MQ-0836,2.2,47.3,67.3,acero,Paysandú,noche,L-1,PR-12,0
MQ-0759,5.1,58.5,50.4,aluminio,Canelones,mañana,L-6,PR-11,1
MQ-0681,8.2,54.4,57.2,acero,Canelones,noche,L-3,PR-09,0
MQ-0784,4.6,56.2,57.1,acero,Rivera,mañana,L-2,PR-01,0
MQ-0636,8.7,50.6,66.6,acero,Montevideo,tarde,L-4,PR-11,1
MQ-0250,4.0,51.7,55.9,aluminio,Paysandú,tarde,L-6,PR-08,0
MQ-0772,14.7,47.4,45.8,aluminio,Rivera,mañana,L-2,PR-08,1
MQ-0016,7.3,31.8,72.4,acero,Canelones,tarde,L-1,PR-05,0
MQ-0160,10.6,45.7,44.1,acero,Montevideo,mañana,L-5,PR-09,1
MQ-0702,10.7,33.8,56.7,aluminio,Rivera,mañana,L-1,PR-12,1
MQ-0588,12.7,32.8,49.3,acero,Montevideo,tarde,L-4,PR-08,1
MQ-0361,13.3,52.6,52.4,aluminio,Canelones,mañana,L-3,PR-02,1
MQ-0049,15.8,26.7,45.2,aluminio,Montevideo,mañana,L-2,PR-02,1
MQ-0633,11.4,35.3,52.0,aluminio,Salto,mañana,L-4,PR-03,0
MQ-0331,7.1,39.4,45.0,aluminio,Rivera,mañana,L-3,PR-02,0
MQ-1098,7.0,63.9,59.8,acero,Montevideo,noche,L-1,PR-06,1
MQ-0468,3.9,54.7,60.0,polímero,Salto,mañana,L-3,PR-08,1
MQ-0113,5.5,55.2,61.5,acero,Canelones,mañana,L-4,PR-09,0
MQ-0339,2.5,60.3,80.7,polímero,Montevideo,mañana,L-4,PR-12,1
MQ-0308,7.0,51.0,55.2,aluminio,Montevideo,mañana,L-6,PR-09,1
MQ-0907,7.0,50.7,50.8,acero,Salto,noche,L-1,PR-04,0
MQ-0423,7.9,50.8,56.1,polímero,Montevideo,mañana,L-1,PR-01,1
MQ-0999,5.6,43.3,61.4,aluminio,Salto,tarde,L-1,PR-03,0
MQ-0981,10.5,68.1,64.1,aluminio,Rivera,tarde,L-1,PR-03,1
MQ-0484,12.6,31.2,46.7,acero,Paysandú,tarde,L-4,PR-11,1
MQ-0761,11.0,52.1,50.5,aluminio,Montevideo,noche,L-2,PR-10,1
MQ-0821,6.1,50.7,71.6,polímero,Salto,noche,L-3,PR-10,1
MQ-0622,1.9,23.7,61.8,acero,Canelones,tarde,L-6,PR-04,0
MQ-0396,12.4,31.9,51.9,aluminio,Paysandú,tarde,L-5,PR-02,1
MQ-0881,3.5,53.6,47.3,acero,Montevideo,tarde,L-5,PR-05,1
MQ-0886,2.8,40.0,50.1,acero,Montevideo,noche,L-1,PR-11,0
MQ-0128,12.0,48.3,60.5,polímero,Rivera,noche,L-6,PR-07,1
MQ-0651,4.5,51.6,66.7,aluminio,Rivera,mañana,L-2,PR-04,1
MQ-1109,12.4,43.8,58.0,aluminio,Paysandú,tarde,L-2,PR-06,1
MQ-0656,1.8,14.4,65.1,acero,Salto,mañana,L-4,PR-11,0
MQ-0579,16.2,43.4,65.6,aluminio,Montevideo,tarde,L-4,PR-11,1
MQ-0450,0.9,18.5,54.6,aluminio,Paysandú,tarde,L-2,PR-02,0
MQ-0238,7.5,26.3,65.2,polímero,Rivera,mañana,L-6,PR-01,0
MQ-0168,2.8,45.0,69.0,polímero,Montevideo,mañana,L-6,PR-02,0
MQ-0993,2.3,24.7,54.0,acero,Rivera,tarde,L-1,PR-11,0
MQ-1042,7.4,49.8,53.8,polímero,Canelones,tarde,L-6,PR-11,0
MQ-0081,7.1,54.7,59.1,aluminio,Paysandú,mañana,L-1,PR-08,1
MQ-0415,4.9,47.9,55.6,polímero,Paysandú,mañana,L-5,PR-05,0
MQ-0931,2.2,56.0,44.3,aluminio,Salto,mañana,L-2,PR-06,1
MQ-0301,5.9,35.9,60.8,polímero,Paysandú,tarde,L-2,PR-04,0
MQ-0620,5.0,59.3,57.8,polímero,Canelones,tarde,L-1,PR-10,1
MQ-0325,11.4,66.6,61.0,acero,Montevideo,mañana,L-6,PR-05,1
MQ-0472,14.9,55.7,49.0,aluminio,Canelones,mañana,L-6,PR-06,1
MQ-0216,6.6,60.7,64.9,polímero,Canelones,tarde,L-4,PR-11,1
MQ-0599,5.5,30.2,51.7,acero,Montevideo,noche,L-5,PR-12,0
MQ-0031,6.4,52.0,47.4,acero,Salto,mañana,L-1,PR-11,0
MQ-0243,18.0,19.8,46.6,acero,Rivera,noche,L-6,PR-01,0
MQ-0703,10.6,48.7,44.2,aluminio,Montevideo,noche,L-6,PR-10,1
MQ-0913,11.8,35.3,37.8,acero,Montevideo,mañana,L-4,PR-01,1
MQ-0961,11.9,35.5,60.6,aluminio,Paysandú,noche,L-1,PR-06,1
MQ-0210,5.4,51.7,67.5,polímero,Salto,mañana,L-1,PR-02,1
MQ-0548,5.2,47.1,58.4,acero,Salto,noche,L-1,PR-12,0
MQ-0748,5.1,30.0,66.7,acero,Rivera,tarde,L-3,PR-06,0
MQ-0919,17.5,56.5,70.5,acero,Montevideo,noche,L-1,PR-05,1
MQ-0436,11.0,77.6,44.4,acero,Montevideo,mañana,L-5,PR-06,1
MQ-0028,5.5,28.8,54.8,aluminio,Canelones,tarde,L-4,PR-01,1
MQ-1064,4.4,51.9,60.3,aluminio,Salto,tarde,L-2,PR-06,1
MQ-1153,9.6,53.0,84.5,aluminio,Canelones,mañana,L-6,PR-01,1
MQ-0123,4.3,10.1,60.5,aluminio,Rivera,noche,L-6,PR-10,0
MQ-1090,5.4,38.8,54.3,aluminio,Rivera,mañana,L-1,PR-01,0
MQ-0463,3.6,69.4,60.8,polímero,Rivera,mañana,L-3,PR-02,1
MQ-1032,5.7,35.3,57.1,acero,Canelones,mañana,L-6,PR-01,0
MQ-1122,6.6,55.5,60.0,acero,Paysandú,tarde,L-6,PR-07,0
MQ-0644,4.2,41.3,62.6,aluminio,Rivera,noche,L-3,PR-02,0
MQ-0937,8.2,49.7,61.5,acero,Montevideo,noche,L-2,PR-08,1
MQ-0738,2.6,36.7,72.8,aluminio,Rivera,noche,L-5,PR-10,0
MQ-0747,9.7,47.1,52.7,acero,Salto,mañana,L-2,PR-04,1
MQ-0505,8.2,26.8,62.6,aluminio,Salto,noche,L-6,PR-06,0
MQ-0203,4.6,41.3,57.6,acero,Paysandú,mañana,L-4,PR-08,0
MQ-0404,13.4,41.3,49.0,aluminio,Montevideo,mañana,L-3,PR-12,0
MQ-0565,2.2,59.5,45.5,acero,Montevideo,noche,L-1,PR-11,0
MQ-1184,0.3,42.1,51.0,acero,Salto,mañana,L-1,PR-10,0
MQ-0363,7.0,46.6,60.7,polímero,Paysandú,mañana,L-2,PR-06,0
MQ-0272,14.2,50.7,53.2,polímero,Paysandú,tarde,L-2,PR-03,1
MQ-0467,5.7,41.9,50.1,acero,Montevideo,noche,L-5,PR-03,0
MQ-1102,10.4,57.9,56.0,aluminio,Rivera,noche,L-1,PR-01,1
MQ-1065,4.8,55.6,51.6,acero,Paysandú,noche,L-1,PR-08,0
MQ-1095,11.2,59.7,63.8,acero,Paysandú,mañana,L-2,PR-11,1
MQ-0273,1.1,21.4,31.3,polímero,Paysandú,tarde,L-4,PR-04,0
MQ-0278,8.0,62.8,71.2,polímero,Paysandú,tarde,L-6,PR-03,0
MQ-1063,6.3,61.8,56.0,acero,Rivera,tarde,L-4,PR-12,0
MQ-0013,9.4,42.6,45.7,acero,Canelones,mañana,L-2,PR-01,1
MQ-0603,3.8,41.2,55.0,aluminio,Rivera,mañana,L-6,PR-01,0
MQ-0674,4.9,50.8,51.8,polímero,Canelones,tarde,L-6,PR-06,0
MQ-0211,5.6,47.4,55.5,acero,Paysandú,mañana,L-1,PR-06,0
MQ-1074,12.9,49.0,56.6,aluminio,Montevideo,noche,L-6,PR-03,1
MQ-0962,5.6,43.1,59.7,acero,Rivera,tarde,L-1,PR-09,0
MQ-0148,8.6,39.6,54.1,acero,Canelones,noche,L-5,PR-09,1
MQ-0443,7.4,31.7,51.4,aluminio,Montevideo,mañana,L-1,PR-06,0
MQ-0300,4.8,29.0,56.6,acero,Montevideo,noche,L-5,PR-06,0
MQ-0116,3.9,29.7,57.1,acero,Salto,tarde,L-1,PR-05,0
MQ-0376,8.3,35.5,55.6,acero,Montevideo,noche,L-1,PR-02,1
MQ-0641,10.9,61.7,66.6,aluminio,Salto,tarde,L-6,PR-06,1
MQ-1172,5.1,67.7,70.7,polímero,Montevideo,mañana,L-3,PR-01,1
MQ-0675,15.4,32.9,49.9,acero,Paysandú,mañana,L-3,PR-05,1
MQ-0473,3.2,30.4,40.8,aluminio,Montevideo,tarde,L-6,PR-11,0
MQ-0659,10.8,52.3,67.3,polímero,Rivera,mañana,L-4,PR-09,1
MQ-1083,9.0,67.2,60.7,acero,Canelones,tarde,L-1,PR-10,0
MQ-0389,9.9,47.0,58.2,acero,Paysandú,tarde,L-5,PR-07,1
MQ-0023,4.1,66.4,54.1,polímero,Canelones,noche,L-1,PR-05,0
MQ-0910,8.2,68.8,58.2,polímero,Montevideo,noche,L-5,PR-04,1
MQ-0873,0.5,8.9,50.5,polímero,Paysandú,mañana,L-4,PR-04,0
MQ-0424,14.9,46.8,62.4,acero,Montevideo,mañana,L-4,PR-02,1
MQ-0948,5.2,38.4,65.9,acero,Salto,tarde,L-5,PR-06,0
MQ-0869,16.7,55.6,66.4,polímero,Rivera,mañana,L-5,PR-03,1
MQ-0649,16.9,40.4,38.0,polímero,Salto,tarde,L-5,PR-08,1
MQ-1198,5.7,28.1,58.7,polímero,Canelones,tarde,L-3,PR-04,0
MQ-0143,9.5,53.9,47.8,polímero,Montevideo,mañana,L-6,PR-12,1
MQ-0051,9.2,49.1,58.7,acero,Montevideo,mañana,L-4,PR-11,1
MQ-0672,4.3,38.7,56.8,aluminio,Salto,mañana,L-6,PR-11,0
MQ-0733,14.8,33.9,58.8,acero,Rivera,mañana,L-2,PR-07,1
MQ-0082,2.0,57.8,66.1,acero,Rivera,noche,L-1,PR-07,0
MQ-0483,18.0,28.5,59.0,polímero,Salto,tarde,L-5,PR-09,1
MQ-0322,4.4,30.6,56.9,polímero,Montevideo,mañana,L-2,PR-11,0
MQ-0958,8.4,47.0,52.5,polímero,Paysandú,mañana,L-6,PR-11,1
MQ-0816,2.5,41.9,58.1,polímero,Montevideo,tarde,L-3,PR-11,0
MQ-1142,8.5,39.7,60.3,aluminio,Montevideo,noche,L-6,PR-12,1
MQ-0067,2.9,62.7,52.6,aluminio,Montevideo,noche,L-2,PR-05,1
MQ-0917,4.1,40.0,52.1,acero,Montevideo,mañana,L-5,PR-12,0
MQ-0899,5.5,58.6,65.2,aluminio,Canelones,tarde,L-6,PR-12,0
MQ-0744,3.3,42.9,55.6,acero,Salto,tarde,L-3,PR-09,0
MQ-0418,9.9,36.7,66.2,aluminio,Canelones,noche,L-5,PR-12,1
MQ-0715,5.5,43.9,65.9,aluminio,Paysandú,mañana,L-6,PR-05,0
MQ-0065,6.6,66.4,47.0,acero,Canelones,noche,L-4,PR-06,0
MQ-0903,8.6,48.5,57.3,acero,Montevideo,mañana,L-2,PR-05,1
MQ-0894,4.5,29.9,60.3,acero,Canelones,tarde,L-2,PR-12,1
MQ-0701,3.8,17.7,39.0,aluminio,Montevideo,noche,L-4,PR-10,0
MQ-0492,3.9,42.2,67.0,aluminio,Salto,noche,L-2,PR-12,0
MQ-0706,4.4,41.5,48.8,aluminio,Montevideo,mañana,L-4,PR-04,1
MQ-0796,3.3,28.7,55.5,aluminio,Rivera,noche,L-1,PR-07,0
MQ-0066,8.5,35.3,74.5,aluminio,Montevideo,tarde,L-1,PR-06,1
MQ-0978,3.4,52.9,58.6,acero,Salto,mañana,L-2,PR-08,0
MQ-0573,0.9,54.9,62.2,acero,Montevideo,mañana,L-1,PR-09,0
MQ-0968,7.4,20.7,46.7,polímero,Canelones,mañana,L-6,PR-06,0
MQ-0297,3.6,56.4,37.5,acero,Canelones,noche,L-4,PR-10,0
MQ-0420,7.4,37.7,65.6,acero,Rivera,noche,L-3,PR-07,1
MQ-0439,4.7,43.5,57.0,polímero,Rivera,mañana,L-4,PR-08,0
MQ-0262,18.0,54.9,67.3,acero,Montevideo,mañana,L-6,PR-11,1
MQ-0699,16.0,36.9,55.3,acero,Canelones,tarde,L-2,PR-06,0
MQ-0282,1.1,58.9,62.9,polímero,Salto,noche,L-3,PR-03,1
MQ-0795,4.3,55.5,52.8,polímero,Montevideo,tarde,L-1,PR-03,1
MQ-1158,4.2,53.9,64.2,polímero,Rivera,tarde,L-6,PR-06,1
MQ-0189,10.2,57.8,66.5,aluminio,Paysandú,noche,L-2,PR-11,1
MQ-0889,7.4,54.0,66.7,acero,Montevideo,tarde,L-4,PR-09,0
MQ-0252,4.0,41.9,58.9,acero,Rivera,noche,L-6,PR-11,0
MQ-0700,5.1,63.3,69.1,aluminio,Paysandú,tarde,L-6,PR-11,1
MQ-0515,5.0,43.2,49.9,polímero,Salto,mañana,L-2,PR-01,0
MQ-0596,1.9,36.4,57.1,polímero,Salto,noche,L-2,PR-07,0
MQ-0488,5.7,56.9,53.2,acero,Canelones,noche,L-1,PR-10,0
MQ-0274,7.3,23.6,60.8,acero,Canelones,mañana,L-6,PR-09,0
MQ-0953,14.5,35.4,83.2,acero,Montevideo,mañana,L-4,PR-09,1
MQ-1077,4.4,47.5,58.8,aluminio,Rivera,tarde,L-6,PR-02,0
MQ-0449,15.2,45.5,68.7,polímero,Montevideo,noche,L-4,PR-07,1
MQ-0412,4.6,40.2,69.2,aluminio,Salto,mañana,L-2,PR-07,0
MQ-1075,4.9,65.3,62.4,acero,Montevideo,tarde,L-4,PR-03,0
MQ-0723,5.4,29.0,56.3,polímero,Canelones,mañana,L-6,PR-11,0
MQ-0927,5.4,51.4,65.3,acero,Paysandú,tarde,L-4,PR-02,0
MQ-1168,6.4,21.5,64.0,acero,Rivera,mañana,L-2,PR-08,0
MQ-0150,4.0,54.6,60.5,polímero,Canelones,mañana,L-4,PR-05,1
MQ-0219,6.2,49.8,54.1,acero,Canelones,tarde,L-5,PR-01,0
MQ-0240,10.8,51.3,58.2,acero,Montevideo,mañana,L-2,PR-10,1
MQ-1092,18.0,70.8,61.4,acero,Canelones,mañana,L-1,PR-07,1
MQ-0193,0.9,43.4,61.3,acero,Salto,tarde,L-1,PR-09,0
MQ-0192,3.2,28.9,62.5,polímero,Canelones,tarde,L-2,PR-08,0
MQ-0692,5.2,50.6,75.8,acero,Canelones,mañana,L-5,PR-06,0
MQ-0661,4.1,64.7,58.7,acero,Canelones,noche,L-4,PR-01,0
MQ-0929,9.6,32.8,61.8,aluminio,Paysandú,mañana,L-6,PR-10,1
MQ-1116,10.9,43.0,43.0,acero,Rivera,noche,L-3,PR-06,0
MQ-0883,2.6,67.1,61.0,acero,Canelones,mañana,L-5,PR-11,0
MQ-0934,6.5,48.4,63.0,polímero,Canelones,mañana,L-2,PR-02,1
MQ-0714,9.2,35.1,66.5,acero,Montevideo,mañana,L-6,PR-08,1
MQ-0583,1.9,68.3,63.9,acero,Montevideo,noche,L-5,PR-04,0
MQ-1016,7.2,19.3,60.9,acero,Montevideo,noche,L-2,PR-01,0
MQ-0324,13.8,55.2,59.2,acero,Salto,noche,L-3,PR-09,1
MQ-0925,8.8,80.0,61.6,aluminio,Rivera,mañana,L-1,PR-10,1
MQ-0857,3.0,28.4,46.4,aluminio,Paysandú,mañana,L-5,PR-05,0
MQ-0664,7.5,40.2,58.7,acero,Paysandú,mañana,L-6,PR-06,0
MQ-0438,10.0,47.5,61.1,acero,Salto,tarde,L-1,PR-05,1
MQ-0895,3.3,21.4,63.6,acero,Montevideo,tarde,L-4,PR-03,0
MQ-0840,2.0,28.6,53.3,acero,Salto,tarde,L-5,PR-02,0
MQ-0342,7.3,56.0,53.0,aluminio,Montevideo,tarde,L-3,PR-01,1
MQ-0003,6.8,58.6,60.1,acero,Rivera,mañana,L-5,PR-09,0
MQ-0230,3.6,57.7,68.1,aluminio,Rivera,tarde,L-4,PR-01,1
MQ-0652,6.5,38.9,53.7,polímero,Canelones,mañana,L-4,PR-03,0
MQ-1157,7.5,39.4,61.2,acero,Salto,mañana,L-6,PR-10,0
MQ-0077,7.2,20.6,52.1,polímero,Salto,tarde,L-6,PR-08,0
MQ-1107,5.3,64.5,79.3,acero,Montevideo,mañana,L-3,PR-06,0
MQ-0372,5.5,40.0,42.7,acero,Salto,mañana,L-5,PR-12,0
MQ-0181,6.2,49.3,59.0,polímero,Rivera,noche,L-4,PR-04,1
MQ-0717,9.9,43.2,63.5,acero,Paysandú,noche,L-6,PR-01,1
MQ-0578,12.5,56.2,58.4,acero,Canelones,mañana,L-6,PR-03,1
MQ-1147,18.0,60.0,59.5,acero,Canelones,mañana,L-2,PR-12,1
MQ-0991,7.9,49.0,68.6,acero,Rivera,noche,L-6,PR-08,0
MQ-1026,6.8,28.1,69.2,acero,Canelones,mañana,L-6,PR-01,0
MQ-1011,2.6,30.0,46.7,acero,Canelones,tarde,L-4,PR-04,0
MQ-0653,1.7,12.4,49.3,aluminio,Canelones,mañana,L-6,PR-08,0
MQ-0590,10.0,29.0,63.5,acero,Montevideo,noche,L-2,PR-08,0
MQ-0778,1.5,66.8,67.2,aluminio,Paysandú,noche,L-1,PR-04,1
MQ-0819,7.4,17.0,49.3,acero,Paysandú,mañana,L-4,PR-05,0
MQ-0966,3.1,68.1,53.0,acero,Rivera,tarde,L-3,PR-08,0
MQ-0890,13.3,43.8,54.1,aluminio,Rivera,mañana,L-3,PR-10,1
MQ-0038,7.5,34.5,53.0,acero,Canelones,mañana,L-5,PR-06,0
MQ-0354,8.3,48.3,55.4,acero,Rivera,tarde,L-6,PR-10,1
MQ-1099,13.9,35.6,53.0,aluminio,Montevideo,mañana,L-2,PR-08,1
MQ-0237,12.0,52.9,66.8,acero,Montevideo,noche,L-4,PR-11,1
MQ-0936,10.9,22.2,50.6,aluminio,Canelones,noche,L-2,PR-02,0
MQ-0500,4.9,51.1,60.6,polímero,Montevideo,tarde,L-4,PR-08,1
MQ-0554,2.8,46.2,57.7,acero,Paysandú,mañana,L-4,PR-09,0
MQ-0056,6.1,20.4,71.7,polímero,Montevideo,tarde,L-3,PR-01,0
MQ-0303,10.9,42.4,52.0,acero,Montevideo,mañana,L-3,PR-11,1
MQ-0287,1.7,25.2,51.0,aluminio,Paysandú,noche,L-4,PR-12,0
MQ-0975,3.7,56.6,60.6,aluminio,Montevideo,tarde,L-4,PR-04,1
MQ-0220,8.4,44.2,52.7,acero,Rivera,tarde,L-4,PR-03,1
MQ-0642,15.0,29.7,66.3,acero,Montevideo,tarde,L-2,PR-07,0
MQ-0388,1.6,66.4,53.0,aluminio,Canelones,mañana,L-3,PR-05,1
MQ-0743,2.8,57.6,79.0,polímero,Rivera,tarde,L-5,PR-06,1
MQ-0391,1.9,43.6,70.0,aluminio,Canelones,mañana,L-4,PR-12,0
MQ-0353,1.4,60.0,66.0,aluminio,Montevideo,noche,L-3,PR-02,1
MQ-0194,11.1,33.2,58.8,aluminio,Montevideo,tarde,L-1,PR-04,1
MQ-0236,3.8,49.2,59.2,acero,Montevideo,noche,L-3,PR-08,0
MQ-0997,13.5,52.3,54.2,polímero,Canelones,mañana,L-2,PR-10,1
MQ-0481,11.1,51.1,51.7,acero,Canelones,mañana,L-1,PR-07,1
MQ-0568,7.4,33.0,62.2,aluminio,Montevideo,tarde,L-2,PR-02,0
MQ-0117,14.2,55.5,44.4,acero,Salto,tarde,L-3,PR-10,1
MQ-0955,5.1,26.8,57.7,polímero,Paysandú,mañana,L-3,PR-02,0
MQ-0967,14.2,18.7,52.0,acero,Rivera,mañana,L-2,PR-08,0
MQ-1110,10.1,57.6,32.6,aluminio,Montevideo,mañana,L-6,PR-09,1
MQ-0771,5.5,27.2,70.3,acero,Rivera,mañana,L-5,PR-10,0
MQ-0783,5.1,43.5,56.8,polímero,Canelones,mañana,L-5,PR-02,0
MQ-0121,8.9,27.1,52.0,acero,Canelones,tarde,L-2,PR-06,0
MQ-0896,8.4,31.6,65.3,acero,Canelones,noche,L-5,PR-11,1
MQ-1000,1.4,54.7,58.6,aluminio,Rivera,tarde,L-1,PR-03,1
MQ-0779,3.8,47.5,53.8,aluminio,Montevideo,noche,L-3,PR-09,0
MQ-0063,7.1,46.7,74.1,acero,Rivera,tarde,L-2,PR-08,0
MQ-0914,17.9,53.0,64.0,acero,Salto,tarde,L-5,PR-02,0
MQ-0454,11.3,47.5,69.8,polímero,Rivera,noche,L-2,PR-09,1
MQ-0516,8.7,50.7,65.1,acero,Paysandú,mañana,L-2,PR-05,1
MQ-0571,6.4,35.7,40.6,acero,Rivera,mañana,L-3,PR-08,1
MQ-0224,10.9,27.9,51.7,acero,Paysandú,mañana,L-3,PR-08,1
MQ-0614,2.6,78.2,66.3,acero,Rivera,tarde,L-1,PR-09,0
MQ-0222,5.2,29.0,57.4,aluminio,Montevideo,tarde,L-1,PR-04,0
MQ-0758,4.7,55.2,55.2,aluminio,Salto,tarde,L-4,PR-04,1
MQ-0800,7.4,46.5,51.5,acero,Montevideo,tarde,L-3,PR-04,0
MQ-0466,5.4,40.0,46.0,polímero,Canelones,mañana,L-1,PR-10,0
MQ-0053,3.4,62.2,52.7,acero,Rivera,tarde,L-1,PR-02,0
MQ-1169,7.2,47.0,68.1,polímero,Montevideo,noche,L-3,PR-05,0
MQ-0486,7.2,65.3,72.2,polímero,Salto,tarde,L-4,PR-02,0
MQ-1144,10.8,48.9,43.0,aluminio,Salto,mañana,L-1,PR-03,1
MQ-0922,9.0,44.2,59.2,acero,Rivera,noche,L-2,PR-01,1
MQ-0156,18.0,39.2,67.1,aluminio,Rivera,tarde,L-4,PR-08,1
MQ-1196,0.9,58.2,56.6,acero,Montevideo,tarde,L-4,PR-05,0
MQ-0601,6.3,34.4,65.7,polímero,Montevideo,mañana,L-5,PR-05,0
MQ-0882,11.9,50.3,64.7,acero,Montevideo,tarde,L-6,PR-01,1
MQ-0249,13.5,64.7,69.6,polímero,Montevideo,mañana,L-1,PR-03,1
MQ-0442,6.1,39.0,44.2,aluminio,Rivera,noche,L-2,PR-09,0
MQ-0985,6.5,50.7,39.0,aluminio,Canelones,tarde,L-2,PR-06,1
MQ-1186,17.8,53.7,56.4,aluminio,Rivera,tarde,L-3,PR-09,1
MQ-0543,7.5,37.2,48.6,aluminio,Canelones,mañana,L-1,PR-11,0
MQ-0118,7.2,8.0,53.8,aluminio,Paysandú,tarde,L-1,PR-04,0
MQ-0730,6.5,66.4,65.9,acero,Montevideo,mañana,L-3,PR-07,0
MQ-0629,9.6,8.0,51.6,acero,Paysandú,mañana,L-6,PR-11,1
MQ-1165,3.8,39.0,49.3,aluminio,Paysandú,tarde,L-1,PR-01,0
MQ-1151,7.1,43.6,50.0,acero,Salto,mañana,L-6,PR-10,0
MQ-0292,7.0,40.9,43.2,polímero,Canelones,noche,L-2,PR-12,0
MQ-1045,2.1,30.9,50.9,acero,Canelones,tarde,L-1,PR-04,0
MQ-0382,6.0,56.3,50.0,acero,Salto,mañana,L-2,PR-05,0
MQ-0818,3.8,28.7,67.2,polímero,Montevideo,tarde,L-3,PR-07,0
MQ-0201,9.6,49.1,49.5,acero,Canelones,tarde,L-1,PR-03,1
MQ-0597,11.8,49.0,62.0,polímero,Canelones,tarde,L-4,PR-04,1
MQ-0986,1.3,24.0,60.7,acero,Montevideo,noche,L-5,PR-07,0
MQ-1141,3.2,49.4,44.5,acero,Paysandú,mañana,L-3,PR-04,0
MQ-1192,14.7,63.2,57.2,aluminio,Paysandú,mañana,L-4,PR-11,1
MQ-0697,4.3,54.0,57.1,polímero,Rivera,tarde,L-1,PR-01,1
MQ-0506,11.6,59.8,62.9,acero,Montevideo,mañana,L-6,PR-11,1
MQ-0349,1.7,20.2,69.5,acero,Salto,tarde,L-3,PR-10,0
MQ-1195,5.9,69.1,68.1,aluminio,Canelones,mañana,L-4,PR-04,0
MQ-0341,1.2,57.1,69.3,acero,Rivera,tarde,L-5,PR-07,0
MQ-0616,7.4,48.4,46.2,acero,Salto,tarde,L-4,PR-10,0
MQ-0155,0.3,50.2,54.0,aluminio,Montevideo,noche,L-3,PR-12,1
MQ-1145,6.1,41.5,77.7,aluminio,Rivera,mañana,L-1,PR-08,0
MQ-0768,6.7,41.0,59.3,polímero,Montevideo,tarde,L-3,PR-01,0
MQ-1036,8.5,49.9,72.6,acero,Paysandú,mañana,L-5,PR-10,1
MQ-0288,3.8,41.7,53.2,acero,Rivera,mañana,L-4,PR-07,0
MQ-0323,6.7,26.5,65.1,acero,Canelones,noche,L-1,PR-08,0
MQ-0826,8.9,50.2,61.3,acero,Canelones,mañana,L-6,PR-02,1
MQ-0825,10.3,42.2,54.3,polímero,Salto,noche,L-1,PR-01,1
MQ-0802,11.0,46.8,52.3,polímero,Paysandú,mañana,L-6,PR-04,1
MQ-0083,8.3,75.5,70.7,aluminio,Canelones,mañana,L-1,PR-04,1
MQ-0799,5.8,76.5,50.4,acero,Montevideo,noche,L-5,PR-08,0
MQ-0465,6.9,57.2,57.0,acero,Montevideo,mañana,L-2,PR-08,0
MQ-1027,15.4,80.0,58.7,polímero,Salto,tarde,L-1,PR-05,1
MQ-0762,11.4,19.3,53.8,aluminio,Canelones,tarde,L-3,PR-02,0
MQ-1173,6.1,58.3,64.3,acero,Salto,noche,L-3,PR-01,0
MQ-0885,2.2,42.8,55.3,acero,Paysandú,noche,L-2,PR-04,0
MQ-0334,5.9,53.1,59.5,polímero,Salto,noche,L-4,PR-01,1
MQ-0011,9.3,44.4,53.1,aluminio,Rivera,tarde,L-6,PR-11,1
MQ-0471,2.2,41.8,56.5,acero,Paysandú,tarde,L-6,PR-01,0
MQ-0033,10.5,43.7,53.0,aluminio,Paysandú,noche,L-3,PR-09,1
MQ-1150,3.9,30.5,72.1,polímero,Rivera,tarde,L-5,PR-03,0
MQ-0414,14.3,43.8,60.0,aluminio,Montevideo,noche,L-2,PR-08,1
MQ-0581,16.6,42.9,52.8,polímero,Montevideo,tarde,L-2,PR-11,1
MQ-0383,2.4,31.0,58.7,acero,Montevideo,tarde,L-2,PR-12,0
MQ-0829,5.1,52.4,48.7,acero,Montevideo,mañana,L-6,PR-02,0
MQ-0898,4.4,43.2,56.7,aluminio,Paysandú,tarde,L-1,PR-03,0
MQ-1178,4.4,36.4,69.8,acero,Rivera,mañana,L-6,PR-11,1
MQ-0841,4.6,44.5,56.8,aluminio,Montevideo,noche,L-1,PR-12,0
MQ-1143,6.0,22.9,54.7,aluminio,Montevideo,mañana,L-4,PR-01,0
MQ-0379,3.5,45.1,53.6,aluminio,Canelones,mañana,L-1,PR-09,0
MQ-0090,1.1,36.0,51.1,aluminio,Canelones,mañana,L-2,PR-12,0
MQ-0798,3.3,79.5,48.9,acero,Canelones,mañana,L-2,PR-01,0
MQ-0602,7.3,47.3,66.5,acero,Rivera,mañana,L-4,PR-03,0
MQ-0214,2.6,28.8,51.3,aluminio,Salto,tarde,L-3,PR-11,0
MQ-0333,12.7,33.3,54.6,aluminio,Montevideo,tarde,L-2,PR-07,1
MQ-0134,15.2,46.1,41.0,acero,Montevideo,noche,L-5,PR-06,1
MQ-0347,4.0,27.6,60.7,acero,Montevideo,tarde,L-2,PR-01,0
MQ-0862,9.6,40.7,55.8,acero,Montevideo,noche,L-3,PR-07,1
MQ-0008,7.5,36.1,52.2,acero,Paysandú,noche,L-2,PR-02,0
MQ-1135,5.3,34.6,64.0,acero,Paysandú,mañana,L-5,PR-02,0
MQ-0321,3.9,64.3,75.6,acero,Rivera,mañana,L-5,PR-12,0
MQ-1048,1.1,25.9,33.1,acero,Canelones,mañana,L-6,PR-06,0
MQ-0188,1.4,34.0,72.0,acero,Rivera,noche,L-1,PR-03,0
MQ-0982,4.6,47.0,55.3,acero,Paysandú,tarde,L-2,PR-06,0
MQ-0553,10.2,53.0,59.2,acero,Montevideo,noche,L-2,PR-11,0
MQ-0305,18.0,26.1,67.1,aluminio,Canelones,mañana,L-6,PR-02,0
MQ-0032,6.2,40.1,38.4,acero,Salto,noche,L-1,PR-11,0
MQ-0838,9.9,53.3,63.4,aluminio,Montevideo,noche,L-4,PR-09,1
MQ-0685,2.2,27.1,57.3,acero,Canelones,mañana,L-2,PR-02,0
MQ-1182,18.0,56.8,56.2,acero,Montevideo,tarde,L-4,PR-05,0
MQ-0241,17.3,22.2,41.1,polímero,Canelones,tarde,L-6,PR-03,1
MQ-1003,2.2,23.7,70.5,acero,Rivera,mañana,L-6,PR-03,0
MQ-0175,13.2,56.9,63.0,aluminio,Rivera,mañana,L-5,PR-07,1
MQ-0246,4.1,41.4,53.9,aluminio,Canelones,mañana,L-2,PR-10,0
MQ-0057,7.2,41.6,52.8,acero,Montevideo,mañana,L-6,PR-05,1
MQ-0631,13.5,71.9,62.6,acero,Canelones,noche,L-3,PR-10,1
MQ-0584,6.8,56.7,66.5,acero,Montevideo,tarde,L-5,PR-03,0
MQ-1029,3.7,22.8,53.1,acero,Canelones,mañana,L-5,PR-06,0
MQ-0146,6.4,54.6,67.0,polímero,Montevideo,mañana,L-6,PR-09,1
MQ-0091,4.8,47.5,57.2,acero,Montevideo,tarde,L-1,PR-04,0
MQ-1118,9.6,61.8,48.9,acero,Rivera,mañana,L-3,PR-11,1
MQ-0393,8.1,42.8,61.1,aluminio,Rivera,tarde,L-5,PR-10,0
MQ-0683,11.8,22.8,55.9,aluminio,Canelones,mañana,L-3,PR-04,0
MQ-0311,4.3,35.9,50.8,polímero,Montevideo,noche,L-6,PR-07,0
MQ-0360,4.7,74.2,67.6,aluminio,Salto,tarde,L-2,PR-01,1
MQ-0094,2.5,41.4,41.2,aluminio,Montevideo,tarde,L-2,PR-02,0
MQ-0957,3.0,40.1,60.7,acero,Canelones,mañana,L-5,PR-09,0
MQ-1028,3.0,32.6,41.6,aluminio,Rivera,noche,L-1,PR-08,0
MQ-0377,11.1,18.3,52.1,polímero,Canelones,tarde,L-1,PR-12,0
MQ-0244,8.4,33.9,65.4,polímero,Salto,mañana,L-2,PR-10,0
MQ-1080,3.1,42.8,53.2,acero,Montevideo,tarde,L-1,PR-01,0
MQ-0088,3.6,55.4,56.7,polímero,Canelones,mañana,L-6,PR-02,1
MQ-0215,4.3,40.1,76.2,polímero,Paysandú,mañana,L-1,PR-04,0
MQ-0445,7.2,8.5,38.1,aluminio,Rivera,noche,L-4,PR-02,1
MQ-0174,4.2,67.8,59.9,aluminio,Salto,mañana,L-2,PR-06,1
MQ-0426,5.6,37.5,74.4,polímero,Canelones,tarde,L-2,PR-08,0
MQ-1152,4.6,54.0,65.4,polímero,Salto,tarde,L-6,PR-06,1
MQ-0119,13.0,62.9,56.3,aluminio,Salto,mañana,L-4,PR-02,1
MQ-0120,6.1,40.8,54.7,acero,Rivera,tarde,L-4,PR-02,0
MQ-0916,5.6,33.7,42.0,polímero,Rivera,mañana,L-3,PR-02,0
MQ-0875,3.4,29.2,52.6,acero,Canelones,noche,L-3,PR-12,0
MQ-0001,1.4,49.2,67.2,aluminio,Canelones,tarde,L-6,PR-07,1
MQ-0395,5.8,45.0,53.9,acero,Canelones,mañana,L-4,PR-07,0
MQ-0402,10.0,40.9,51.1,acero,Montevideo,mañana,L-5,PR-05,1
MQ-0405,4.1,27.2,63.0,polímero,Paysandú,noche,L-2,PR-07,0
MQ-0843,18.0,52.9,52.0,aluminio,Canelones,mañana,L-6,PR-11,1
MQ-0854,2.6,62.7,66.0,aluminio,Montevideo,mañana,L-2,PR-05,1
MQ-0163,3.4,39.4,68.5,acero,Montevideo,mañana,L-4,PR-08,0
MQ-0115,14.0,37.3,75.0,aluminio,Montevideo,tarde,L-6,PR-07,1
MQ-0671,4.9,47.2,57.2,acero,Paysandú,tarde,L-2,PR-10,0
MQ-0151,13.1,52.7,54.5,aluminio,Salto,mañana,L-4,PR-07,1
MQ-1160,13.6,34.3,49.3,aluminio,Montevideo,noche,L-1,PR-09,1
MQ-0792,2.9,52.1,56.7,acero,Paysandú,noche,L-1,PR-06,0
MQ-1189,11.2,18.6,64.0,aluminio,Rivera,tarde,L-4,PR-02,0
MQ-0369,4.3,51.3,43.9,acero,Canelones,tarde,L-1,PR-09,0
MQ-0544,5.6,41.0,69.0,acero,Montevideo,mañana,L-2,PR-06,0
MQ-0478,3.5,60.5,51.2,aluminio,Montevideo,tarde,L-5,PR-12,1
MQ-1132,15.4,37.9,62.4,acero,Canelones,mañana,L-6,PR-11,1
MQ-0533,2.1,35.7,50.6,polímero,Salto,mañana,L-3,PR-09,0
MQ-0626,5.7,49.6,38.9,acero,Canelones,tarde,L-6,PR-05,0
MQ-0977,6.8,45.7,70.2,polímero,Canelones,mañana,L-1,PR-03,0
MQ-0513,4.8,30.5,46.9,aluminio,Salto,tarde,L-1,PR-01,0
MQ-0807,6.8,39.1,55.6,acero,Montevideo,mañana,L-2,PR-11,0
MQ-0073,5.7,40.5,64.5,aluminio,Salto,tarde,L-4,PR-11,0
MQ-0259,13.8,72.9,44.6,polímero,Paysandú,mañana,L-1,PR-10,0
MQ-0625,4.3,45.0,39.4,polímero,Salto,noche,L-2,PR-02,0
MQ-0235,6.6,34.5,57.3,acero,Canelones,noche,L-6,PR-08,0
MQ-0136,10.1,58.0,67.5,aluminio,Rivera,tarde,L-2,PR-10,1
MQ-0617,4.4,40.9,74.0,polímero,Canelones,mañana,L-6,PR-07,0
MQ-0517,6.2,28.1,55.5,aluminio,Canelones,noche,L-5,PR-06,0
MQ-1062,7.3,39.2,62.3,acero,Montevideo,tarde,L-3,PR-05,0
MQ-0803,7.0,39.6,51.1,polímero,Montevideo,mañana,L-6,PR-04,0
MQ-0810,8.6,29.2,72.8,polímero,Montevideo,mañana,L-6,PR-09,0
MQ-0593,6.7,50.9,63.0,acero,Rivera,tarde,L-1,PR-01,0
MQ-1072,6.0,40.7,45.4,acero,Paysandú,tarde,L-2,PR-02,0
MQ-0502,4.4,34.0,51.8,acero,Canelones,mañana,L-2,PR-11,0
MQ-0539,4.1,46.9,66.2,acero,Canelones,tarde,L-3,PR-07,0
MQ-1190,9.3,50.2,52.4,acero,Salto,tarde,L-1,PR-12,1
MQ-0729,4.9,33.9,61.1,aluminio,Canelones,noche,L-6,PR-11,0
MQ-0582,1.7,48.2,49.5,aluminio,Paysandú,tarde,L-6,PR-03,1
MQ-0344,9.8,41.3,50.6,polímero,Paysandú,mañana,L-6,PR-03,1
MQ-1078,5.0,52.9,63.1,acero,Montevideo,mañana,L-1,PR-04,0
MQ-0864,7.2,52.0,54.2,acero,Paysandú,mañana,L-5,PR-05,0
MQ-0294,3.3,49.6,59.0,acero,Montevideo,tarde,L-1,PR-08,0
MQ-0365,16.8,69.5,55.9,polímero,Canelones,tarde,L-2,PR-07,1
MQ-0861,8.8,47.8,48.3,aluminio,Montevideo,tarde,L-5,PR-06,1
MQ-0660,1.4,19.0,46.5,acero,Montevideo,tarde,L-3,PR-12,0
MQ-0015,14.7,31.3,60.1,aluminio,Salto,tarde,L-6,PR-08,0
MQ-0687,4.5,33.8,53.5,polímero,Rivera,mañana,L-5,PR-08,0
MQ-0087,9.1,48.0,56.6,aluminio,Canelones,mañana,L-5,PR-09,1
MQ-0371,2.6,43.9,56.9,acero,Montevideo,tarde,L-4,PR-12,0
MQ-0166,13.9,55.4,72.3,polímero,Rivera,mañana,L-6,PR-05,1
MQ-0132,5.0,43.9,63.2,polímero,Canelones,mañana,L-5,PR-12,0
MQ-0336,11.5,24.3,46.3,acero,Montevideo,tarde,L-4,PR-09,0
MQ-0060,18.0,24.5,53.5,polímero,Salto,mañana,L-3,PR-05,0
MQ-0710,10.4,10.4,41.0,polímero,Canelones,tarde,L-2,PR-10,0
MQ-0677,5.0,53.9,49.2,aluminio,Montevideo,tarde,L-3,PR-01,1
MQ-0355,5.9,46.8,42.7,aluminio,Paysandú,tarde,L-2,PR-04,0
MQ-0969,11.1,35.8,57.9,polímero,Rivera,mañana,L-5,PR-11,1
MQ-0425,3.5,70.4,80.0,acero,Salto,mañana,L-1,PR-06,0
MQ-0293,15.2,42.3,59.3,acero,Salto,mañana,L-4,PR-11,1
MQ-0042,7.2,60.1,62.3,polímero,Montevideo,mañana,L-6,PR-11,1
MQ-0330,0.4,43.9,51.3,aluminio,Rivera,noche,L-2,PR-08,0
MQ-0615,11.5,63.0,54.8,aluminio,Paysandú,noche,L-2,PR-04,1
MQ-0430,8.6,62.4,63.3,aluminio,Canelones,tarde,L-5,PR-04,0
MQ-0080,8.7,33.8,64.9,aluminio,Montevideo,mañana,L-4,PR-01,1
MQ-0694,6.7,33.7,57.6,acero,Paysandú,tarde,L-2,PR-05,0
MQ-0029,2.8,65.1,66.0,aluminio,Paysandú,noche,L-3,PR-10,1
MQ-0708,17.3,62.1,78.8,acero,Rivera,noche,L-2,PR-02,1
MQ-0906,5.1,54.9,52.0,acero,Canelones,tarde,L-5,PR-01,0
MQ-0900,18.0,39.7,73.1,acero,Canelones,tarde,L-1,PR-06,1
MQ-0255,5.1,40.4,48.7,acero,Paysandú,tarde,L-5,PR-10,0
MQ-0161,4.7,46.2,56.8,polímero,Montevideo,noche,L-2,PR-07,0
MQ-0459,3.3,58.7,56.7,acero,Montevideo,mañana,L-3,PR-08,0
MQ-0384,16.8,46.5,46.6,aluminio,Canelones,tarde,L-5,PR-03,1
MQ-0314,13.8,73.5,67.6,polímero,Salto,tarde,L-3,PR-02,1
MQ-0085,4.4,42.9,63.0,acero,Montevideo,tarde,L-1,PR-01,0
MQ-0575,6.9,48.9,54.9,acero,Canelones,tarde,L-3,PR-08,0
MQ-0763,5.3,40.9,61.8,acero,Paysandú,tarde,L-3,PR-06,0
MQ-0137,8.3,45.6,65.6,aluminio,Canelones,tarde,L-6,PR-11,1
MQ-0112,4.8,35.3,44.3,acero,Rivera,mañana,L-2,PR-03,0
MQ-0195,6.8,60.2,50.7,polímero,Paysandú,tarde,L-6,PR-12,1
MQ-0853,15.2,52.1,57.1,acero,Montevideo,mañana,L-4,PR-10,1
MQ-0179,8.6,57.2,68.5,aluminio,Rivera,tarde,L-1,PR-07,1
MQ-0556,11.7,42.1,48.0,aluminio,Salto,mañana,L-1,PR-08,1
MQ-0724,7.5,66.4,56.1,polímero,Montevideo,noche,L-6,PR-02,1
MQ-0996,6.4,43.9,57.4,acero,Rivera,mañana,L-3,PR-11,0
MQ-0497,7.2,43.0,53.2,acero,Salto,mañana,L-6,PR-12,0
MQ-0867,3.0,56.9,64.6,polímero,Montevideo,noche,L-5,PR-11,1
MQ-0806,5.6,55.5,61.8,aluminio,Montevideo,mañana,L-3,PR-07,1
MQ-0130,8.6,47.4,59.3,acero,Rivera,noche,L-2,PR-10,1
MQ-0716,2.1,54.1,50.5,polímero,Salto,noche,L-2,PR-04,1
MQ-0338,3.8,57.6,66.2,acero,Montevideo,tarde,L-1,PR-08,0
MQ-1191,4.1,34.1,67.8,polímero,Rivera,mañana,L-2,PR-03,0
MQ-0609,18.0,37.5,64.9,polímero,Montevideo,tarde,L-1,PR-11,1
MQ-0125,7.4,45.8,45.0,acero,Paysandú,noche,L-4,PR-09,0
MQ-0196,18.0,53.9,67.9,acero,Salto,noche,L-4,PR-11,0
MQ-0227,6.8,39.8,64.6,polímero,Salto,mañana,L-5,PR-06,0
MQ-0690,13.3,40.7,58.2,polímero,Canelones,noche,L-2,PR-04,1
MQ-0269,9.4,46.9,48.5,polímero,Canelones,noche,L-6,PR-08,1
MQ-0153,16.5,73.3,51.4,acero,Canelones,tarde,L-1,PR-01,1
MQ-0585,3.0,45.4,70.3,acero,Montevideo,mañana,L-6,PR-03,0
MQ-0104,11.8,32.4,55.6,acero,Canelones,tarde,L-4,PR-02,1
MQ-0594,9.7,33.2,50.8,acero,Canelones,tarde,L-5,PR-09,1
MQ-1101,11.8,23.7,44.8,acero,Montevideo,mañana,L-1,PR-12,0
MQ-0787,9.0,41.3,58.3,polímero,Montevideo,mañana,L-2,PR-08,1
MQ-1124,4.5,57.6,58.4,aluminio,Canelones,noche,L-3,PR-01,1
MQ-0777,8.7,61.9,58.8,aluminio,Paysandú,mañana,L-1,PR-04,1
MQ-0908,2.6,22.7,59.0,acero,Canelones,mañana,L-4,PR-10,0
MQ-0850,12.5,40.1,73.6,polímero,Canelones,noche,L-6,PR-09,1
MQ-0228,5.0,47.7,69.6,aluminio,Canelones,tarde,L-3,PR-12,0
MQ-1123,8.1,25.5,56.1,acero,Salto,mañana,L-5,PR-10,0
MQ-0302,8.4,50.8,71.1,aluminio,Montevideo,mañana,L-3,PR-04,1
MQ-0855,1.8,49.6,65.3,aluminio,Canelones,tarde,L-4,PR-08,1
MQ-0276,8.2,35.4,64.4,aluminio,Montevideo,mañana,L-4,PR-11,0
MQ-0127,18.0,23.4,79.3,acero,Paysandú,tarde,L-6,PR-05,1
MQ-0406,4.3,17.3,47.7,aluminio,Canelones,mañana,L-4,PR-12,0
MQ-0776,5.4,34.4,55.9,acero,Paysandú,tarde,L-4,PR-06,0
MQ-0822,4.8,47.3,50.7,acero,Paysandú,tarde,L-4,PR-05,0
MQ-0712,5.7,22.0,63.7,acero,Canelones,mañana,L-2,PR-12,0
MQ-0766,10.5,44.1,52.3,polímero,Montevideo,noche,L-3,PR-10,1
MQ-0684,7.7,26.0,67.9,polímero,Montevideo,noche,L-5,PR-07,0
MQ-0750,6.4,31.8,66.4,aluminio,Salto,mañana,L-4,PR-04,0
MQ-1126,3.0,38.7,66.8,acero,Montevideo,tarde,L-4,PR-11,0
MQ-0037,10.8,51.6,55.3,acero,Canelones,tarde,L-6,PR-09,1
MQ-0140,0.3,31.1,50.0,acero,Salto,noche,L-6,PR-05,0
MQ-0304,5.6,41.4,51.5,acero,Montevideo,mañana,L-1,PR-03,0
MQ-0268,7.1,41.1,68.4,polímero,Montevideo,noche,L-3,PR-01,0
MQ-0835,3.8,47.8,61.3,acero,Salto,noche,L-3,PR-06,0
MQ-0534,8.9,26.9,67.8,aluminio,Montevideo,mañana,L-2,PR-09,0
MQ-0546,8.3,28.8,62.2,aluminio,Salto,tarde,L-5,PR-07,1
MQ-0213,4.8,70.2,63.9,aluminio,Rivera,tarde,L-1,PR-09,1
MQ-0897,6.3,52.3,64.9,polímero,Salto,tarde,L-4,PR-09,1
MQ-0469,0.9,46.8,58.9,acero,Montevideo,noche,L-2,PR-01,0
MQ-0199,10.1,63.4,59.8,acero,Salto,noche,L-5,PR-11,1
MQ-0868,9.1,65.9,69.7,aluminio,Rivera,mañana,L-6,PR-10,1
MQ-0673,12.4,30.8,56.6,acero,Rivera,noche,L-1,PR-10,1
MQ-0528,4.9,27.1,61.3,polímero,Montevideo,mañana,L-1,PR-11,0
MQ-0676,18.0,46.0,66.2,acero,Paysandú,tarde,L-1,PR-08,1
MQ-1056,16.6,22.1,51.6,acero,Paysandú,mañana,L-2,PR-02,1
MQ-0815,11.8,31.2,55.2,aluminio,Montevideo,mañana,L-2,PR-09,0
MQ-0242,2.6,63.9,67.9,aluminio,Montevideo,mañana,L-6,PR-09,1
MQ-0343,13.5,53.3,54.4,acero,Paysandú,noche,L-2,PR-09,1
MQ-0550,6.9,49.4,69.3,acero,Canelones,tarde,L-6,PR-04,0
MQ-0387,2.5,47.1,60.3,polímero,Canelones,mañana,L-6,PR-01,0
MQ-1105,11.3,49.0,50.4,acero,Montevideo,tarde,L-4,PR-11,1
MQ-0207,4.7,48.1,49.1,polímero,Canelones,tarde,L-1,PR-01,1
MQ-0296,10.1,24.1,56.8,acero,Montevideo,mañana,L-4,PR-10,1
MQ-0696,13.0,55.8,63.4,polímero,Montevideo,noche,L-3,PR-12,1
MQ-1041,10.8,42.3,58.1,aluminio,Montevideo,tarde,L-1,PR-08,1
MQ-0074,10.8,45.8,66.9,acero,Salto,tarde,L-1,PR-09,1
MQ-0606,3.6,24.1,46.8,polímero,Rivera,tarde,L-4,PR-04,0
MQ-0105,10.6,34.5,49.6,acero,Montevideo,mañana,L-5,PR-04,1
MQ-0952,4.0,43.8,55.7,acero,Canelones,noche,L-2,PR-02,0
MQ-1049,6.9,78.1,63.4,acero,Canelones,noche,L-5,PR-03,0
MQ-1171,2.8,31.3,49.1,acero,Salto,mañana,L-5,PR-05,0
MQ-0017,5.4,38.3,51.9,aluminio,Montevideo,noche,L-6,PR-03,0
MQ-0440,18.0,41.7,54.2,polímero,Rivera,tarde,L-4,PR-10,1
MQ-0092,5.1,75.9,64.5,acero,Canelones,noche,L-2,PR-05,0
MQ-0089,10.8,52.9,54.0,polímero,Montevideo,noche,L-3,PR-02,1
MQ-1040,17.7,55.0,53.7,acero,Rivera,tarde,L-4,PR-12,1
MQ-0909,5.0,31.6,60.4,acero,Canelones,noche,L-6,PR-07,0
MQ-0451,2.7,47.7,60.0,aluminio,Rivera,tarde,L-4,PR-05,0
MQ-0718,5.2,36.5,55.7,acero,Canelones,tarde,L-6,PR-10,0
MQ-0103,18.0,41.9,52.3,acero,Montevideo,noche,L-6,PR-11,1
MQ-0239,8.6,37.6,62.2,acero,Salto,mañana,L-1,PR-06,1
MQ-1043,6.8,57.3,63.7,polímero,Canelones,noche,L-1,PR-10,0
MQ-0943,9.9,54.2,51.1,aluminio,Montevideo,noche,L-5,PR-01,1
MQ-0247,18.0,33.7,61.1,acero,Canelones,tarde,L-6,PR-11,1
MQ-0939,10.5,69.7,66.5,acero,Montevideo,tarde,L-6,PR-08,1
MQ-0984,8.8,53.7,41.3,polímero,Canelones,tarde,L-2,PR-03,0
MQ-0158,10.6,28.5,62.3,aluminio,Canelones,mañana,L-3,PR-05,0
MQ-0480,11.8,52.6,73.0,acero,Montevideo,tarde,L-4,PR-07,1
MQ-0839,15.4,55.3,53.6,aluminio,Paysandú,mañana,L-6,PR-02,1
MQ-0646,14.2,42.0,57.1,aluminio,Montevideo,noche,L-6,PR-05,0
MQ-0006,9.2,39.9,55.6,aluminio,Paysandú,mañana,L-4,PR-03,1
MQ-1079,1.8,45.9,64.4,acero,Canelones,tarde,L-3,PR-09,0
MQ-0872,6.4,47.9,55.1,aluminio,Montevideo,tarde,L-6,PR-02,0
MQ-0019,3.0,35.3,49.2,polímero,Salto,noche,L-6,PR-10,0
MQ-0973,5.6,51.9,64.2,acero,Montevideo,tarde,L-3,PR-01,0
MQ-0122,8.2,30.3,62.5,acero,Paysandú,noche,L-4,PR-06,0
MQ-0947,8.1,43.1,57.9,aluminio,Montevideo,mañana,L-3,PR-08,0
MQ-0662,2.8,34.1,70.8,acero,Canelones,mañana,L-5,PR-02,0
MQ-0972,5.9,12.9,41.5,polímero,Montevideo,mañana,L-6,PR-04,0
MQ-0275,2.5,25.0,42.2,aluminio,Canelones,mañana,L-3,PR-08,0
MQ-0434,11.5,60.1,50.9,acero,Canelones,tarde,L-5,PR-06,1
MQ-0812,6.7,48.0,60.0,aluminio,Salto,noche,L-1,PR-09,0
MQ-1131,3.4,36.9,52.5,aluminio,Rivera,mañana,L-3,PR-12,0
MQ-0312,4.4,48.2,73.2,polímero,Canelones,tarde,L-4,PR-06,1
MQ-1115,3.8,51.4,63.2,aluminio,Canelones,noche,L-3,PR-07,1
MQ-1127,7.0,79.0,61.2,polímero,Montevideo,mañana,L-4,PR-01,1
MQ-0781,5.3,47.4,67.7,acero,Canelones,tarde,L-3,PR-04,0
MQ-0547,17.0,56.7,57.5,polímero,Montevideo,noche,L-4,PR-02,1
MQ-0182,4.6,16.7,48.8,aluminio,Rivera,noche,L-5,PR-04,0
MQ-0185,1.3,48.4,63.0,aluminio,Canelones,tarde,L-4,PR-09,0
MQ-0407,8.9,43.2,73.4,acero,Rivera,noche,L-1,PR-11,1
MQ-0720,11.2,70.2,69.1,acero,Canelones,tarde,L-4,PR-03,1
MQ-0979,8.7,45.3,51.1,acero,Rivera,mañana,L-1,PR-02,1
MQ-0607,2.0,47.7,61.0,acero,Canelones,noche,L-1,PR-08,0
MQ-0693,14.8,66.8,47.4,polímero,Rivera,tarde,L-1,PR-03,0
MQ-0521,11.6,39.3,54.5,acero,Salto,mañana,L-6,PR-09,1
MQ-0866,11.6,44.1,61.8,aluminio,Canelones,mañana,L-5,PR-02,0
MQ-0381,14.9,44.4,57.2,acero,Paysandú,noche,L-6,PR-12,1
MQ-0411,7.3,46.2,61.6,acero,Canelones,tarde,L-6,PR-03,0
MQ-0635,2.3,50.6,56.8,acero,Canelones,tarde,L-6,PR-09,1
MQ-0370,12.5,26.4,41.6,acero,Paysandú,noche,L-1,PR-03,1
MQ-1073,10.5,38.9,57.8,acero,Canelones,mañana,L-2,PR-06,1
MQ-1087,5.9,56.2,56.3,polímero,Montevideo,mañana,L-2,PR-05,1
MQ-0428,16.3,45.7,60.2,acero,Salto,mañana,L-2,PR-05,1
MQ-0877,2.9,43.5,57.9,aluminio,Montevideo,tarde,L-4,PR-08,0
MQ-0079,5.6,48.4,49.6,aluminio,Montevideo,noche,L-2,PR-03,0
MQ-0863,6.3,30.1,55.5,aluminio,Salto,mañana,L-2,PR-09,0
MQ-0574,6.8,33.5,50.2,acero,Salto,tarde,L-1,PR-02,0
MQ-1181,9.4,70.3,50.0,aluminio,Montevideo,tarde,L-2,PR-03,1
MQ-0638,10.4,28.2,62.5,acero,Montevideo,mañana,L-2,PR-09,1
MQ-0608,9.7,72.8,53.4,aluminio,Rivera,mañana,L-5,PR-10,1
MQ-1058,2.1,18.5,52.0,polímero,Rivera,mañana,L-6,PR-02,0
MQ-0069,2.9,47.0,63.9,aluminio,Canelones,mañana,L-3,PR-11,0
MQ-0860,1.2,33.9,47.2,acero,Rivera,mañana,L-6,PR-04,0
MQ-1085,5.4,70.0,65.2,polímero,Paysandú,tarde,L-3,PR-02,1
MQ-1149,1.5,55.1,58.7,acero,Montevideo,noche,L-6,PR-11,0
MQ-0417,1.5,52.3,65.3,aluminio,Montevideo,mañana,L-1,PR-07,1
MQ-1022,5.7,19.8,35.8,polímero,Montevideo,noche,L-1,PR-10,0
MQ-0562,11.5,27.1,42.0,polímero,Rivera,mañana,L-1,PR-10,0
MQ-0904,3.9,30.7,70.3,aluminio,Canelones,tarde,L-4,PR-11,0
MQ-0068,7.8,54.8,62.0,acero,Salto,mañana,L-4,PR-02,0
MQ-0537,7.1,30.7,60.0,aluminio,Canelones,noche,L-6,PR-08,0
MQ-0078,5.6,26.7,58.2,aluminio,Canelones,noche,L-3,PR-05,0
MQ-0106,6.7,21.4,52.5,polímero,Paysandú,mañana,L-1,PR-11,0
MQ-1197,7.7,44.8,63.7,aluminio,Paysandú,tarde,L-2,PR-04,0
MQ-1046,11.6,42.4,62.1,acero,Canelones,mañana,L-4,PR-01,1
MQ-0959,3.3,35.2,55.4,acero,Salto,mañana,L-4,PR-04,0
MQ-0639,2.3,58.0,59.5,aluminio,Salto,mañana,L-5,PR-01,1
MQ-0560,5.2,34.5,56.4,aluminio,Montevideo,mañana,L-1,PR-01,0
MQ-0847,4.1,35.9,57.7,acero,Montevideo,mañana,L-2,PR-08,0
MQ-0689,2.4,40.3,72.0,acero,Montevideo,tarde,L-5,PR-02,0
MQ-0691,3.9,23.2,68.5,acero,Montevideo,tarde,L-3,PR-06,0
MQ-0827,7.2,41.0,47.5,acero,Paysandú,tarde,L-3,PR-03,0
MQ-1112,4.8,45.6,44.6,acero,Rivera,noche,L-5,PR-07,0
MQ-1159,18.0,24.3,53.1,aluminio,Montevideo,tarde,L-4,PR-04,0
MQ-1113,8.3,74.4,57.2,aluminio,Montevideo,mañana,L-3,PR-12,1
MQ-0736,7.4,30.4,58.4,polímero,Canelones,tarde,L-1,PR-05,0
MQ-1009,9.6,29.1,54.5,aluminio,Montevideo,tarde,L-4,PR-11,0
MQ-0437,4.6,61.9,39.3,aluminio,Rivera,mañana,L-1,PR-09,1
MQ-0491,0.8,53.1,63.1,aluminio,Salto,noche,L-6,PR-05,1
MQ-1193,11.6,38.3,54.7,acero,Salto,mañana,L-1,PR-04,1
MQ-0830,7.9,34.7,70.2,acero,Salto,tarde,L-3,PR-06,0
MQ-1094,7.2,35.0,40.2,polímero,Salto,mañana,L-2,PR-04,0
MQ-0070,3.4,40.7,58.0,polímero,Rivera,tarde,L-3,PR-10,0
MQ-0809,11.4,48.6,59.2,acero,Canelones,mañana,L-4,PR-02,1
MQ-0012,6.8,41.9,54.9,polímero,Montevideo,tarde,L-6,PR-12,0
MQ-0145,10.0,47.1,52.0,acero,Paysandú,mañana,L-6,PR-04,1
MQ-0918,3.4,80.0,70.4,acero,Montevideo,tarde,L-1,PR-07,0
MQ-0640,7.5,50.5,53.9,acero,Montevideo,tarde,L-3,PR-10,0
MQ-0177,8.1,44.2,40.1,acero,Canelones,noche,L-2,PR-07,0
MQ-0995,18.0,64.0,64.8,aluminio,Rivera,mañana,L-6,PR-10,1
MQ-0441,14.4,42.1,47.8,aluminio,Salto,mañana,L-6,PR-03,1
MQ-0522,5.1,29.0,54.6,polímero,Montevideo,mañana,L-1,PR-02,0
MQ-1005,3.9,39.4,69.8,aluminio,Montevideo,mañana,L-2,PR-06,0
MQ-0144,3.7,57.5,65.7,acero,Canelones,tarde,L-6,PR-02,0
MQ-0754,4.9,36.9,68.0,acero,Paysandú,noche,L-6,PR-06,0
MQ-0520,10.7,8.0,43.2,aluminio,Montevideo,mañana,L-2,PR-06,0
MQ-0823,4.9,59.5,56.6,acero,Montevideo,mañana,L-4,PR-12,0
MQ-0429,4.4,35.8,43.3,acero,Rivera,tarde,L-2,PR-02,0
MQ-0613,9.3,48.0,70.4,acero,Montevideo,mañana,L-2,PR-06,1
MQ-1033,3.2,48.5,56.8,aluminio,Rivera,tarde,L-6,PR-12,1
MQ-0157,8.8,26.9,55.9,acero,Montevideo,mañana,L-3,PR-08,0
MQ-0540,4.7,44.8,54.9,polímero,Rivera,mañana,L-1,PR-04,0
MQ-0462,8.0,51.6,66.6,acero,Canelones,mañana,L-5,PR-10,0
MQ-0577,5.3,80.0,73.8,aluminio,Canelones,tarde,L-3,PR-06,1
MQ-0256,4.4,58.4,50.1,polímero,Salto,mañana,L-4,PR-10,1
MQ-0980,15.0,57.9,55.3,polímero,Canelones,mañana,L-3,PR-08,1
MQ-1007,10.7,62.6,61.1,polímero,Salto,tarde,L-3,PR-06,1
MQ-0561,6.1,62.1,63.0,acero,Paysandú,tarde,L-2,PR-06,0
MQ-0209,10.6,32.7,54.3,polímero,Montevideo,tarde,L-5,PR-05,1
MQ-0911,10.5,28.9,50.6,acero,Montevideo,mañana,L-6,PR-01,0
MQ-0002,16.1,48.5,52.2,polímero,Canelones,tarde,L-6,PR-10,1
MQ-0270,4.8,47.4,57.2,aluminio,Rivera,tarde,L-4,PR-01,0
MQ-0266,4.6,43.5,43.3,acero,Canelones,mañana,L-2,PR-12,0
MQ-0915,6.4,32.4,52.3,aluminio,Montevideo,mañana,L-1,PR-11,0
MQ-0231,9.9,41.5,52.2,acero,Paysandú,tarde,L-5,PR-04,0
MQ-1180,5.0,32.4,55.7,acero,Rivera,mañana,L-6,PR-03,0
MQ-1176,10.8,63.8,62.9,aluminio,Salto,tarde,L-6,PR-12,1
MQ-0865,7.3,32.5,71.8,polímero,Paysandú,noche,L-5,PR-10,0
MQ-0874,1.0,45.6,57.1,acero,Salto,tarde,L-3,PR-09,0
MQ-1066,3.2,13.8,50.0,aluminio,Montevideo,mañana,L-5,PR-07,0
MQ-0399,13.8,43.5,63.0,aluminio,Rivera,mañana,L-6,PR-12,1
MQ-1088,2.0,61.8,70.6,aluminio,Montevideo,tarde,L-4,PR-04,1
MQ-0046,11.9,46.1,62.5,acero,Canelones,tarde,L-5,PR-09,1
MQ-0162,16.9,46.4,57.4,acero,Rivera,tarde,L-5,PR-12,1
MQ-0992,9.7,20.6,58.6,acero,Salto,tarde,L-2,PR-04,1
MQ-0728,1.4,32.8,56.9,polímero,Montevideo,noche,L-6,PR-11,0
MQ-0630,9.9,50.7,60.2,acero,Salto,tarde,L-4,PR-03,0
MQ-0289,5.9,68.0,75.6,polímero,Montevideo,tarde,L-2,PR-05,1
MQ-1060,8.8,52.2,58.9,aluminio,Canelones,tarde,L-5,PR-06,1
MQ-1166,11.5,41.5,61.2,polímero,Montevideo,mañana,L-4,PR-04,1
MQ-0576,6.4,55.6,65.0,acero,Montevideo,tarde,L-3,PR-06,0
MQ-0851,3.2,43.8,62.7,acero,Montevideo,noche,L-3,PR-07,0
MQ-0912,3.2,35.3,64.5,acero,Canelones,mañana,L-1,PR-03,0
MQ-1081,9.3,19.3,52.3,polímero,Canelones,tarde,L-2,PR-11,0
MQ-0933,4.5,62.8,61.3,acero,Canelones,mañana,L-6,PR-08,0
MQ-0248,14.0,65.1,53.8,aluminio,Rivera,mañana,L-4,PR-10,1
MQ-0477,6.3,44.9,52.5,acero,Rivera,noche,L-5,PR-07,0
MQ-0086,8.9,44.9,59.8,aluminio,Canelones,tarde,L-4,PR-01,1
MQ-0470,8.4,46.5,54.9,aluminio,Montevideo,tarde,L-3,PR-02,1
MQ-0226,6.1,50.0,48.6,acero,Montevideo,noche,L-6,PR-07,0
MQ-0775,12.3,55.6,62.7,acero,Paysandú,mañana,L-1,PR-11,1
MQ-0332,10.2,49.3,70.4,polímero,Paysandú,tarde,L-4,PR-06,1
MQ-0234,4.2,18.8,66.4,acero,Paysandú,mañana,L-2,PR-01,0
MQ-0589,4.5,36.5,48.8,aluminio,Canelones,tarde,L-4,PR-07,1
MQ-0476,4.8,55.1,51.4,aluminio,Montevideo,tarde,L-1,PR-09,1
MQ-0600,5.7,33.6,39.8,acero,Montevideo,mañana,L-5,PR-12,0
MQ-0422,4.9,32.8,68.1,acero,Rivera,noche,L-6,PR-06,0
MQ-0183,11.4,49.2,62.4,polímero,Rivera,tarde,L-5,PR-10,1
MQ-0989,8.2,37.1,55.7,aluminio,Rivera,mañana,L-4,PR-01,0
MQ-1001,10.2,41.6,58.4,aluminio,Rivera,mañana,L-1,PR-04,1
MQ-0050,17.2,22.7,63.9,acero,Paysandú,noche,L-1,PR-04,1
MQ-1120,6.9,11.1,39.7,aluminio,Montevideo,mañana,L-4,PR-10,0
MQ-1030,5.6,55.8,65.2,polímero,Montevideo,mañana,L-6,PR-01,0
MQ-0530,1.9,38.8,55.1,acero,Canelones,tarde,L-3,PR-02,0
MQ-0487,11.1,57.1,57.7,polímero,Montevideo,noche,L-2,PR-10,1
MQ-0498,1.8,51.1,70.9,polímero,Montevideo,noche,L-4,PR-01,1
MQ-0107,9.9,44.5,56.7,acero,Salto,mañana,L-4,PR-07,1
MQ-0444,2.0,29.4,39.0,acero,Canelones,noche,L-4,PR-05,0
MQ-0647,3.9,69.9,72.5,acero,Salto,mañana,L-4,PR-11,0
MQ-1037,8.6,46.5,61.0,acero,Rivera,mañana,L-6,PR-01,0
MQ-0727,9.3,46.8,59.2,polímero,Canelones,noche,L-1,PR-02,1
MQ-0191,10.2,25.7,48.9,aluminio,Montevideo,noche,L-2,PR-05,0
MQ-0283,6.9,61.9,61.5,acero,Montevideo,tarde,L-5,PR-12,0
MQ-0030,7.5,49.7,52.9,aluminio,Canelones,mañana,L-1,PR-09,1
MQ-0170,13.6,21.4,45.9,acero,Canelones,mañana,L-5,PR-11,0
MQ-1002,1.8,35.9,50.1,aluminio,Canelones,tarde,L-1,PR-06,0
MQ-0101,8.1,38.2,55.5,aluminio,Canelones,mañana,L-1,PR-11,0
MQ-0198,3.2,45.7,48.4,polímero,Paysandú,tarde,L-3,PR-01,0
MQ-0496,2.7,35.6,55.8,aluminio,Canelones,mañana,L-1,PR-12,0
MQ-0648,2.4,23.8,41.4,acero,Montevideo,tarde,L-6,PR-07,0
MQ-0988,2.5,57.5,57.9,polímero,Canelones,tarde,L-5,PR-11,1
MQ-0045,5.5,50.4,60.6,aluminio,Canelones,mañana,L-5,PR-11,1
MQ-0711,6.1,36.8,66.6,acero,Paysandú,tarde,L-2,PR-04,0
MQ-0374,11.2,48.0,69.3,polímero,Salto,mañana,L-3,PR-11,0
MQ-0679,12.9,46.4,65.8,acero,Rivera,mañana,L-2,PR-01,1
MQ-0567,5.5,40.4,67.2,aluminio,Montevideo,tarde,L-2,PR-11,0
MQ-0848,4.9,39.7,53.8,acero,Montevideo,noche,L-1,PR-08,0
MQ-0461,6.2,45.0,71.4,acero,Canelones,mañana,L-2,PR-07,0
MQ-0040,3.6,73.9,64.1,aluminio,Montevideo,mañana,L-4,PR-11,1
MQ-0435,5.1,51.5,56.4,polímero,Montevideo,mañana,L-6,PR-12,0
MQ-0974,1.0,23.1,49.2,acero,Montevideo,mañana,L-1,PR-01,0
MQ-1008,5.1,34.8,71.9,acero,Salto,mañana,L-3,PR-06,0
MQ-0457,11.7,36.9,59.7,acero,Montevideo,mañana,L-4,PR-05,1
MQ-0261,18.0,67.5,45.9,polímero,Paysandú,noche,L-3,PR-07,1
MQ-0036,11.2,53.0,58.0,acero,Rivera,tarde,L-2,PR-02,0
MQ-0828,12.9,54.8,52.4,polímero,Canelones,mañana,L-5,PR-03,1
MQ-0310,18.0,25.4,49.4,aluminio,Canelones,noche,L-6,PR-06,0
MQ-0277,5.4,55.6,67.0,acero,Paysandú,tarde,L-2,PR-12,0
MQ-0637,8.8,37.6,70.5,acero,Canelones,noche,L-4,PR-01,1
MQ-0655,6.4,39.7,58.0,aluminio,Paysandú,mañana,L-2,PR-08,1
MQ-0623,7.2,27.4,48.9,acero,Rivera,tarde,L-3,PR-09,0
MQ-0845,6.9,18.3,53.4,aluminio,Canelones,noche,L-5,PR-11,0
MQ-0394,7.8,39.9,71.7,aluminio,Montevideo,tarde,L-3,PR-01,0
MQ-0108,7.9,68.2,58.4,aluminio,Rivera,mañana,L-2,PR-08,1
MQ-0350,4.1,55.0,68.4,acero,Paysandú,tarde,L-4,PR-07,0
MQ-0525,3.1,74.1,77.8,acero,Canelones,mañana,L-2,PR-03,0
MQ-0785,17.2,32.9,55.5,polímero,Paysandú,tarde,L-3,PR-02,1
MQ-0048,5.5,56.0,73.6,polímero,Salto,noche,L-5,PR-04,0
MQ-0204,2.8,63.4,71.0,acero,Montevideo,tarde,L-1,PR-02,0
MQ-0022,7.5,31.9,54.2,aluminio,Montevideo,mañana,L-2,PR-08,0
MQ-0403,11.3,41.8,60.0,acero,Montevideo,noche,L-4,PR-10,0
MQ-1108,8.0,42.1,58.4,acero,Rivera,mañana,L-6,PR-09,1
MQ-0990,13.8,36.6,56.1,acero,Salto,tarde,L-1,PR-03,1
MQ-0742,7.3,52.9,44.1,aluminio,Salto,tarde,L-1,PR-02,1
MQ-1148,7.2,32.2,59.8,aluminio,Canelones,mañana,L-5,PR-04,0
MQ-0034,5.6,47.8,58.8,acero,Salto,tarde,L-6,PR-10,0
MQ-0788,7.8,17.0,54.8,acero,Canelones,tarde,L-5,PR-07,0
MQ-0924,3.8,46.1,54.6,acero,Montevideo,tarde,L-1,PR-03,1
MQ-1044,5.0,48.0,49.9,aluminio,Paysandú,noche,L-5,PR-08,0
MQ-1155,2.8,50.8,59.4,acero,Rivera,tarde,L-5,PR-09,1
MQ-0580,10.2,23.2,47.3,acero,Rivera,mañana,L-5,PR-07,0
MQ-0482,5.4,80.0,66.4,acero,Montevideo,mañana,L-4,PR-06,1
MQ-0932,5.9,34.4,59.2,aluminio,Canelones,noche,L-2,PR-08,0
MQ-0357,4.5,32.9,59.7,polímero,Canelones,mañana,L-6,PR-09,0
MQ-0760,1.1,47.6,48.4,acero,Canelones,tarde,L-3,PR-05,0
MQ-0093,18.0,50.9,63.3,aluminio,Montevideo,mañana,L-6,PR-07,1
MQ-0804,8.5,34.6,63.6,acero,Rivera,tarde,L-6,PR-03,1
MQ-0746,9.5,55.7,66.8,polímero,Salto,tarde,L-3,PR-06,1
MQ-0280,13.0,28.0,49.6,polímero,Paysandú,noche,L-5,PR-12,1
MQ-0765,7.7,43.4,54.9,acero,Montevideo,mañana,L-2,PR-07,0
MQ-0605,8.0,57.6,49.4,polímero,Montevideo,noche,L-5,PR-12,1
MQ-1187,5.1,26.9,50.2,aluminio,Paysandú,mañana,L-2,PR-03,0
MQ-0401,6.3,31.7,71.6,aluminio,Salto,tarde,L-5,PR-01,0
MQ-0258,16.1,35.2,61.8,aluminio,Salto,mañana,L-1,PR-09,1
MQ-0945,3.1,28.4,49.0,polímero,Rivera,noche,L-1,PR-05,0
MQ-1097,5.3,26.0,58.1,acero,Montevideo,tarde,L-6,PR-02,0
MQ-1162,6.5,55.7,60.5,acero,Canelones,mañana,L-4,PR-06,0
MQ-0495,6.4,35.6,53.6,acero,Canelones,tarde,L-3,PR-03,0
MQ-0773,4.6,42.6,72.1,aluminio,Montevideo,mañana,L-6,PR-11,0
MQ-0551,11.2,29.6,63.7,acero,Montevideo,mañana,L-6,PR-11,0
MQ-0202,1.5,80.0,72.5,aluminio,Paysandú,mañana,L-1,PR-02,1
MQ-0313,2.1,71.7,54.4,aluminio,Canelones,tarde,L-6,PR-04,1
MQ-0291,2.2,55.4,69.8,aluminio,Canelones,mañana,L-6,PR-07,1
MQ-0764,8.8,36.3,34.1,acero,Rivera,mañana,L-1,PR-02,1
MQ-1137,7.4,47.6,54.3,acero,Montevideo,noche,L-3,PR-08,1
MQ-0950,11.8,55.7,60.2,aluminio,Canelones,tarde,L-5,PR-01,1
MQ-0184,15.3,46.0,63.3,aluminio,Canelones,noche,L-4,PR-09,1
MQ-1177,7.5,72.9,70.0,acero,Montevideo,tarde,L-5,PR-10,0
MQ-1069,4.3,10.4,47.5,aluminio,Montevideo,mañana,L-5,PR-09,0
MQ-1031,11.3,45.2,54.2,polímero,Rivera,tarde,L-1,PR-07,1
MQ-0251,9.1,41.9,66.3,aluminio,Canelones,noche,L-4,PR-07,1
MQ-0824,9.9,61.0,58.4,polímero,Montevideo,tarde,L-2,PR-10,1
MQ-1100,5.3,68.4,52.2,aluminio,Montevideo,mañana,L-2,PR-04,1
MQ-0941,18.0,51.2,61.6,aluminio,Rivera,mañana,L-4,PR-10,1
MQ-0392,7.1,52.5,56.0,polímero,Canelones,tarde,L-2,PR-05,1
MQ-1093,10.1,24.7,56.9,acero,Rivera,noche,L-6,PR-02,0
MQ-0905,12.3,58.3,48.6,acero,Salto,mañana,L-6,PR-10,0
MQ-0731,13.4,52.4,82.0,polímero,Montevideo,tarde,L-3,PR-11,1
MQ-0555,8.3,56.1,52.2,aluminio,Canelones,mañana,L-2,PR-05,1
MQ-0367,4.1,52.8,52.1,polímero,Montevideo,noche,L-2,PR-02,0
MQ-0346,3.1,42.6,48.7,polímero,Paysandú,mañana,L-3,PR-02,0
MQ-0536,10.7,46.6,54.7,aluminio,Rivera,noche,L-1,PR-03,1
MQ-0920,5.7,37.2,51.6,polímero,Paysandú,noche,L-3,PR-10,0
MQ-0212,2.4,32.8,53.2,aluminio,Paysandú,mañana,L-5,PR-01,0
MQ-0503,13.7,31.5,62.6,acero,Rivera,mañana,L-6,PR-05,1
MQ-0538,6.6,62.4,60.4,aluminio,Montevideo,noche,L-3,PR-10,1
MQ-0176,12.2,45.6,65.6,aluminio,Salto,mañana,L-6,PR-02,1
